applicant_id,jurisdiction,region,age_group,employment_status,annual_income,debt_to_income,credit_history_years,missed_payments_12m,credit_utilization,existing_customer,customer_tenure_years,spending_volatility,requested_credit_limit,synthetic_group_proxy,prob_good_repayment,good_repayment_12m,policy_score,approval_decision
APP-00001,US,US_South,35-44,Self-employed,42190,0.538,13.1,1,0.461,0,0,0.465,9300,Group_A,0.6877,1,0.3128,Declined
APP-00002,EU,EU_South,45-54,Full-time,57712,0.059,16.8,0,0.406,0,0,0.272,5600,Group_A,0.9649,1,0.5636,Manual Review
APP-00003,EU,EU_West,45-54,Student,46287,0.271,12.5,4,0.212,1,5,0.552,11600,Group_C,0.7334,1,0.3819,Declined
APP-00004,EU,EU_Central,25-34,Self-employed,40142,0.34,6.4,1,0.181,0,0,0.762,7000,Group_A,0.8009,1,0.3761,Declined
APP-00005,US,US_Midwest,25-34,Full-time,123018,0.268,8.6,0,0.889,0,0,0.257,5700,Group_A,0.9366,1,0.5124,Manual Review
APP-00006,US,US_West,25-34,Unemployed,23683,0.61,1.5,0,0.895,1,1.6,0.436,3500,Group_B,0.1092,0,0,Declined
APP-00007,US,US_South,25-34,Full-time,77491,0.322,7.9,1,0.69,1,6.7,0.75,16400,Group_A,0.7811,0,0.447,Declined
APP-00008,EU,EU_West,25-34,Full-time,55133,0.606,9.4,0,0.62,1,5.9,0.247,8800,Group_B,0.8202,1,0.4245,Declined
APP-00009,EU,EU_South,35-44,Self-employed,116689,0.103,13.3,0,0.819,1,10.7,0.277,17600,Group_A,0.99,1,0.6083,Approved
APP-00010,EU,EU_West,18-24,Full-time,72572,0.16,5.6,0,0.376,0,0,0.117,16800,Group_A,0.9648,1,0.5931,Approved
APP-00011,US,US_South,18-24,Part-time,37139,0.513,3,2,0.894,1,4.4,0.539,5000,Group_A,0.3775,0,0.0728,Declined
APP-00012,EU,EU_North,25-34,Part-time,60192,0.176,8.6,0,0.572,1,6.2,0.438,10700,Group_A,0.9249,1,0.5273,Manual Review
APP-00013,EU,EU_South,35-44,Unemployed,29964,0.455,8.4,1,0.669,0,0,0.432,3400,Group_C,0.4011,0,0.2064,Declined
APP-00014,US,US_East,25-34,Full-time,95167,0.146,8.3,0,0.412,1,6.8,0.607,18200,Group_A,0.99,1,0.5554,Manual Review
APP-00015,US,US_Midwest,35-44,Full-time,77529,0.333,12.4,1,0.666,0,0,0.338,21500,Group_A,0.8915,1,0.4113,Declined
APP-00016,US,US_South,25-34,Part-time,46730,0.186,7.1,2,0.191,1,4.4,0.528,11700,Group_A,0.8314,1,0.4375,Declined
APP-00017,US,US_West,45-54,Full-time,84623,0.02,18.9,0,0.54,0,0,0.313,15100,Group_A,0.9894,1,0.6606,Approved
APP-00018,US,US_Midwest,55+,Full-time,62614,0.414,18.8,1,0.661,1,6.1,0.302,10000,Group_C,0.9161,1,0.4718,Declined
APP-00019,US,US_West,25-34,Full-time,54683,0.547,6.1,1,0.839,0,0,0.554,9800,Group_A,0.4772,1,0.1733,Declined
APP-00020,US,US_South,25-34,Full-time,77129,0.164,4.5,2,0.573,1,5.3,0.542,11800,Group_B,0.9285,1,0.4711,Declined
APP-00021,EU,EU_North,25-34,Full-time,125515,0.437,3.2,0,0.545,0,0,0.271,4300,Group_C,0.9416,1,0.5208,Manual Review
APP-00022,US,US_South,25-34,Student,46022,0.155,4.8,0,0.537,0,0,0.4,7800,Group_B,0.7389,1,0.3543,Declined
APP-00023,US,US_South,35-44,Student,20808,0.238,6.2,0,0.408,1,7.6,0.292,5100,Group_C,0.6739,1,0.2905,Declined
APP-00024,US,US_West,45-54,Full-time,171046,0.133,18.3,0,0.281,1,7.4,0.155,14600,Group_A,0.99,1,0.6722,Approved
APP-00025,US,US_East,35-44,Full-time,78220,0.145,11.1,1,0.362,0,0,0.232,15100,Group_A,0.9322,1,0.5431,Manual Review
APP-00026,EU,EU_North,45-54,Full-time,125477,0.336,14.9,0,0.3,1,10.1,0.549,21100,Group_A,0.99,1,0.6695,Approved
APP-00027,US,US_South,25-34,Student,18071,0.341,2.5,0,0.484,0,0,0.709,5400,Group_B,0.4524,1,0.1997,Declined
APP-00028,US,US_East,25-34,Full-time,74184,0.565,5,0,0.677,1,2.7,0.814,12400,Group_C,0.692,1,0.2916,Declined
APP-00029,EU,EU_North,45-54,Self-employed,100685,0.116,17.5,1,0.146,0,0,0.421,6500,Group_A,0.9601,1,0.5977,Approved
APP-00030,US,US_South,25-34,Full-time,32039,0.149,5.5,0,0.464,1,8.7,0.512,4000,Group_B,0.7676,1,0.4397,Declined
APP-00031,EU,EU_North,35-44,Self-employed,108359,0.131,9.4,0,0.257,1,9.5,0.336,24700,Group_A,0.9783,1,0.5947,Approved
APP-00032,US,US_Midwest,25-34,Full-time,114514,0.195,2.4,0,0.555,0,0,0.252,7200,Group_B,0.9238,1,0.488,Manual Review
APP-00033,US,US_East,18-24,Part-time,29527,0.268,3.9,1,0.465,0,0,0.648,7800,Group_A,0.5665,0,0.2772,Declined
APP-00034,EU,EU_West,55+,Full-time,141856,0.314,18.4,0,0.506,1,10,0.401,15000,Group_C,0.99,1,0.6023,Approved
APP-00035,EU,EU_South,25-34,Self-employed,52389,0.472,4.4,0,0.234,1,7.6,0.819,9000,Group_B,0.7073,1,0.3936,Declined
APP-00036,EU,EU_West,55+,Full-time,120789,0.117,21.3,1,0.297,0,0,0.092,14900,Group_A,0.99,1,0.6727,Approved
APP-00037,US,US_West,55+,Self-employed,27727,0.267,21.7,1,0.451,0,0,0.682,4500,Group_A,0.7846,1,0.409,Declined
APP-00038,US,US_South,45-54,Student,123635,0.659,17.9,2,0.696,1,11.3,0.493,21600,Group_A,0.9509,1,0.6048,Approved
APP-00039,EU,EU_West,35-44,Full-time,176913,0.523,8.2,2,0.514,1,7.9,0.527,18000,Group_A,0.982,1,0.5774,Manual Review
APP-00040,US,US_South,35-44,Student,34526,0.137,6.8,0,0.452,0,0,0.375,8600,Group_A,0.7893,1,0.3249,Declined
APP-00041,US,US_South,45-54,Self-employed,33595,0.12,13.8,0,0.099,1,6.5,0.457,6900,Group_C,0.8959,1,0.5586,Manual Review
APP-00042,US,US_West,25-34,Full-time,71139,0.164,8.3,0,0.357,0,0,0.385,13100,Group_B,0.899,1,0.4233,Declined
APP-00043,US,US_East,35-44,Full-time,47131,0.29,15.4,1,0.77,1,13.7,0.485,5800,Group_A,0.9019,1,0.525,Manual Review
APP-00044,EU,EU_South,35-44,Full-time,110265,0.196,15,2,0.475,1,10.8,0.223,22500,Group_A,0.983,1,0.5981,Approved
APP-00045,US,US_West,25-34,Self-employed,76469,0.169,5.1,0,0.286,0,0,0.239,20100,Group_C,0.9329,1,0.5379,Manual Review
APP-00046,EU,EU_West,25-34,Part-time,25614,0.435,0.4,2,0.53,0,0,0.654,5000,Group_B,0.2704,0,0.0635,Declined
APP-00047,US,US_South,25-34,Full-time,123480,0.536,1.3,1,0.464,1,2.4,0.375,25600,Group_A,0.8016,0,0.4527,Declined
APP-00048,US,US_East,35-44,Full-time,108699,0.104,7.4,0,0.472,1,8.3,0.117,21600,Group_B,0.9895,1,0.5741,Manual Review
APP-00049,US,US_South,45-54,Part-time,93004,0.318,15.6,2,0.611,1,6.6,0.285,18600,Group_A,0.936,1,0.5332,Manual Review
APP-00050,US,US_East,25-34,Student,32548,0.259,9.4,0,0.508,1,7,0.4,5600,Group_A,0.7085,0,0.3792,Declined
APP-00051,EU,EU_West,55+,Full-time,43586,0.419,22.9,2,0.55,1,7.9,0.364,9300,Group_A,0.8429,1,0.3527,Declined
APP-00052,EU,EU_West,35-44,Unemployed,54843,0.203,11.5,1,0.319,1,4.1,0.245,5000,Group_A,0.9141,0,0.5472,Manual Review
APP-00053,EU,EU_Central,45-54,Full-time,84785,0.164,14,0,0.272,1,7,0.387,18700,Group_A,0.9689,1,0.6286,Approved
APP-00054,EU,EU_South,35-44,Full-time,45074,0.463,7.9,1,0.577,1,7.9,0.256,2800,Group_C,0.9394,1,0.4897,Manual Review
APP-00055,EU,EU_Central,45-54,Part-time,92325,0.323,14.4,0,0.258,1,10.6,0.194,9900,Group_B,0.986,1,0.6145,Approved
APP-00056,EU,EU_North,18-24,Full-time,109976,0.326,1.8,1,0.412,1,0.6,0.207,22500,Group_B,0.9284,1,0.5803,Approved
APP-00057,US,US_West,45-54,Full-time,93994,0.036,16.9,0,0.527,0,0,0.11,10200,Group_A,0.9872,1,0.6151,Approved
APP-00058,US,US_East,18-24,Full-time,134796,0.206,0.2,0,0.807,0,0,0.213,10800,Group_A,0.9751,1,0.5414,Manual Review
APP-00059,US,US_West,45-54,Part-time,52352,0.435,15.2,0,0.711,0,0,0.352,9600,Group_B,0.7717,0,0.3829,Declined
APP-00060,US,US_Midwest,55+,Part-time,43478,0.441,21.9,1,0.71,0,0,0.372,8700,Group_A,0.7587,1,0.3341,Declined
APP-00061,US,US_Midwest,25-34,Full-time,56145,0.072,4.1,0,0.099,0,0,0.455,3600,Group_A,0.971,1,0.5868,Approved
APP-00062,US,US_West,25-34,Full-time,155763,0.229,4.8,1,0.513,1,5.6,0.493,19300,Group_A,0.9778,1,0.5655,Manual Review
APP-00063,EU,EU_Central,45-54,Full-time,56492,0.364,15.3,0,0.574,0,0,0.348,8900,Group_B,0.9165,1,0.4329,Declined
APP-00064,US,US_East,25-34,Full-time,103805,0.221,6,1,0.3,0,0,0.465,10800,Group_A,0.9118,1,0.5339,Manual Review
APP-00065,US,US_South,45-54,Full-time,74453,0.153,19.5,0,0.372,0,0,0.367,13100,Group_A,0.9837,1,0.6069,Approved
APP-00066,US,US_East,18-24,Part-time,21761,0.24,1.4,1,0.5,0,0,0.426,700,Group_B,0.5324,1,0.2286,Declined
APP-00067,US,US_West,25-34,Full-time,118541,0.26,5.4,1,0.288,1,7.4,0.368,13600,Group_A,0.99,1,0.5906,Approved
APP-00068,EU,EU_West,55+,Full-time,69457,0.296,21,1,0.691,0,0,0.278,11000,Group_A,0.8985,1,0.456,Declined
APP-00069,US,US_West,35-44,Full-time,75229,0.382,11.1,1,0.616,0,0,0.541,15600,Group_A,0.6818,1,0.4064,Declined
APP-00070,EU,EU_South,45-54,Full-time,159422,0.105,14.4,0,0.351,1,5,0.181,23300,Group_A,0.99,1,0.6796,Approved
APP-00071,EU,EU_North,25-34,Unemployed,50178,0.607,2.3,4,0.784,0,0,0.529,2800,Group_B,0.049,0,0,Declined
APP-00072,US,US_West,35-44,Full-time,120640,0.037,12.5,1,0.11,0,0,0.498,20900,Group_A,0.9893,1,0.6249,Approved
APP-00073,US,US_South,35-44,Full-time,67226,0.077,12.9,1,0.235,1,9.8,0.239,13800,Group_A,0.9821,1,0.6107,Approved
APP-00074,EU,EU_South,35-44,Full-time,66949,0.41,11.3,1,0.559,1,5.9,0.227,12300,Group_C,0.9732,1,0.449,Declined
APP-00075,EU,EU_Central,35-44,Full-time,87328,0.222,13.3,1,0.654,0,0,0.475,14500,Group_C,0.9126,1,0.4892,Manual Review
APP-00076,EU,EU_West,35-44,Full-time,97332,0.364,8.8,1,0.543,0,0,0.392,23500,Group_C,0.7027,1,0.3384,Declined
APP-00077,EU,EU_South,25-34,Full-time,47804,0.518,10.2,2,0.635,1,6.9,0.351,9700,Group_A,0.6205,1,0.2987,Declined
APP-00078,US,US_Midwest,25-34,Full-time,103236,0.389,4.5,1,0.249,0,0,0.483,20500,Group_A,0.9243,1,0.4814,Manual Review
APP-00079,US,US_West,45-54,Full-time,92877,0.133,12.8,0,0.498,1,7.9,0.537,17800,Group_C,0.9668,1,0.5659,Manual Review
APP-00080,US,US_West,25-34,Full-time,28874,0.303,0.4,1,0.711,1,0,0.408,3100,Group_B,0.5331,1,0.2163,Declined
APP-00081,EU,EU_West,35-44,Full-time,59423,0.678,10,2,0.891,1,9.8,0.554,10000,Group_A,0.5507,1,0.2045,Declined
APP-00082,EU,EU_West,25-34,Unemployed,23255,0.254,5.4,2,0.288,1,2.4,0.71,3400,Group_A,0.4488,0,0.162,Declined
APP-00083,US,US_East,35-44,Full-time,87349,0.435,12.2,0,0.4,0,0,0.675,10400,Group_A,0.9563,1,0.6152,Approved
APP-00084,US,US_East,45-54,Full-time,209134,0.251,15.5,1,0.405,0,0,0.234,23700,Group_C,0.99,1,0.6786,Approved
APP-00085,US,US_Midwest,25-34,Full-time,82999,0.638,3.9,0,0.856,1,2.2,0.238,3600,Group_A,0.8277,1,0.4566,Declined
APP-00086,US,US_Midwest,18-24,Full-time,34946,0.23,1.6,0,0.126,1,3.3,0.31,5600,Group_A,0.644,1,0.3061,Declined
APP-00087,EU,EU_Central,25-34,Part-time,51556,0.297,5.7,1,0.209,1,5.8,0.36,11700,Group_A,0.7063,1,0.3714,Declined
APP-00088,EU,EU_South,35-44,Full-time,64563,0.369,4.9,0,0.314,1,2.6,0.355,10600,Group_B,0.8723,1,0.4793,Declined
APP-00089,EU,EU_West,45-54,Self-employed,84803,0.582,11.6,5,0.543,1,9.2,0.602,15400,Group_B,0.3345,0,0.2012,Declined
APP-00090,US,US_South,18-24,Full-time,66248,0.22,0.8,0,0.374,0,0,0.465,4200,Group_A,0.857,1,0.5306,Manual Review
APP-00091,US,US_South,45-54,Full-time,138286,0.246,17,0,0.312,0,0,0.173,19100,Group_B,0.99,1,0.6282,Approved
APP-00092,EU,EU_North,25-34,Part-time,43097,0.585,5.9,2,0.339,0,0,0.696,7600,Group_C,0.2698,0,0.0653,Declined
APP-00093,EU,EU_South,35-44,Full-time,188714,0.195,12.5,0,0.496,0,0,0.426,30000,Group_A,0.99,1,0.6552,Approved
APP-00094,EU,EU_Central,55+,Full-time,124007,0.335,17.7,1,0.428,1,8.8,0.368,15900,Group_A,0.9892,1,0.66,Approved
APP-00095,EU,EU_North,25-34,Full-time,54233,0.094,9.1,0,0.345,1,6.1,0.133,6000,Group_A,0.9266,1,0.5434,Manual Review
APP-00096,US,US_South,35-44,Part-time,128028,0.292,11.7,0,0.716,1,7.9,0.381,13200,Group_B,0.9697,1,0.5849,Approved
APP-00097,US,US_East,18-24,Full-time,49535,0.416,0,2,0.454,0,0,0.421,2800,Group_B,0.573,1,0.3008,Declined
APP-00098,US,US_East,18-24,Student,12766,0.291,0,0,0.437,0,0,0.215,3500,Group_B,0.5069,0,0.2614,Declined
APP-00099,US,US_West,25-34,Full-time,131477,0.134,5.4,0,0.437,1,2.4,0.436,8600,Group_B,0.99,1,0.645,Approved
APP-00100,US,US_Midwest,18-24,Student,56500,0.391,3.9,0,0.535,0,0,0.656,6100,Group_A,0.7639,1,0.4156,Declined
APP-00101,US,US_South,35-44,Full-time,83001,0.684,8.5,0,0.452,1,7.9,0.503,11700,Group_C,0.8465,0,0.5017,Manual Review
APP-00102,EU,EU_Central,25-34,Part-time,37216,0.229,5.8,0,0.8,0,0,0.381,5600,Group_A,0.835,1,0.3694,Declined
APP-00103,US,US_West,35-44,Full-time,83524,0.314,9.7,0,0.237,1,10.3,0.441,11200,Group_A,0.9884,1,0.6743,Approved
APP-00104,US,US_East,25-34,Student,37478,0.538,4.5,1,0.704,0,0,0.601,8600,Group_B,0.1227,0,0.0337,Declined
APP-00105,EU,EU_Central,25-34,Full-time,111059,0.207,6.9,1,0.561,1,7.3,0.727,10300,Group_B,0.9552,1,0.5464,Manual Review
APP-00106,US,US_Midwest,35-44,Full-time,116678,0.087,9.3,0,0.324,0,0,0.261,9400,Group_A,0.9825,1,0.6628,Approved
APP-00107,US,US_East,55+,Full-time,80521,0.145,22.2,1,0.375,0,0,0.243,5200,Group_C,0.9785,1,0.6041,Approved
APP-00108,EU,EU_North,18-24,Full-time,93435,0.198,0,0,0.166,0,0,0.304,13600,Group_C,0.9083,1,0.5502,Manual Review
APP-00109,US,US_South,55+,Full-time,71590,0.365,19.1,0,0.678,1,6.4,0.347,15100,Group_A,0.9358,1,0.5627,Manual Review
APP-00110,US,US_South,35-44,Unemployed,52423,0.262,11.8,2,0.448,1,8.7,0.303,7000,Group_C,0.8578,1,0.506,Manual Review
APP-00111,US,US_West,35-44,Unemployed,31025,0.669,13,3,0.662,1,9.6,0.535,5800,Group_A,0.127,0,0,Declined
APP-00112,US,US_West,35-44,Full-time,109581,0.211,12.9,1,0.706,1,5.6,0.307,23200,Group_A,0.9754,1,0.6068,Approved
APP-00113,EU,EU_Central,18-24,Student,21076,0.324,0,1,0.248,0,0,0.576,3500,Group_A,0.2051,0,0.05,Declined
APP-00114,EU,EU_South,18-24,Full-time,46434,0.252,0.5,1,0.355,1,3.2,0.151,11400,Group_C,0.8916,1,0.4924,Manual Review
APP-00115,EU,EU_North,35-44,Full-time,63832,0.307,10.6,1,0.584,0,0,0.475,9000,Group_B,0.8434,1,0.4588,Declined
APP-00116,EU,EU_West,25-34,Self-employed,124693,0.395,6.6,2,0.388,0,0,0.821,23000,Group_A,0.9167,1,0.4546,Declined
APP-00117,EU,EU_South,55+,Self-employed,54106,0.287,18.6,1,0.419,1,10.3,0.443,7900,Group_A,0.9454,1,0.522,Manual Review
APP-00118,US,US_East,25-34,Unemployed,17525,0.678,5.3,4,0.688,0,0,0.462,3000,Group_B,0.0355,0,0,Declined
APP-00119,EU,EU_West,25-34,Full-time,193658,0.299,4.9,1,0.304,0,0,0.566,20200,Group_A,0.99,1,0.6215,Approved
APP-00120,US,US_Midwest,45-54,Self-employed,126704,0.051,18.9,1,0.547,1,9.8,0.401,21200,Group_C,0.99,1,0.6892,Approved
APP-00121,EU,EU_West,25-34,Full-time,21364,0.252,7.7,1,0.523,1,8.9,0.5,3400,Group_B,0.6053,0,0.251,Declined
APP-00122,EU,EU_South,35-44,Full-time,69989,0.371,12.3,1,0.625,1,8.2,0.319,8000,Group_A,0.6581,1,0.3858,Declined
APP-00123,US,US_East,35-44,Full-time,37275,0.292,13,0,0.417,0,0,0.57,9300,Group_C,0.7899,1,0.4404,Declined
APP-00124,US,US_Midwest,55+,Unemployed,21024,0.552,21.1,1,0.46,1,10.4,0.597,7700,Group_A,0.4901,0,0.2471,Declined
APP-00125,US,US_West,45-54,Part-time,13629,0.439,16.7,2,0.715,1,7.8,0.606,2800,Group_C,0.6477,1,0.2597,Declined
APP-00126,US,US_East,35-44,Part-time,44530,0.457,12.1,2,0.224,1,11.9,0.479,6700,Group_B,0.7277,1,0.4023,Declined
APP-00127,EU,EU_West,35-44,Full-time,45250,0.192,9.3,0,0.315,1,11.2,0.426,4500,Group_B,0.9636,1,0.5084,Manual Review
APP-00128,EU,EU_Central,55+,Full-time,84664,0.386,20.4,3,0.292,1,4,0.123,10200,Group_A,0.9483,1,0.5402,Manual Review
APP-00129,US,US_South,25-34,Full-time,33493,0.231,1.7,0,0.44,0,0,0.183,8800,Group_C,0.7608,1,0.3835,Declined
APP-00130,US,US_East,18-24,Full-time,52956,0.114,2.3,0,0.279,0,0,0.459,11600,Group_A,0.891,1,0.4862,Manual Review
APP-00131,US,US_South,25-34,Full-time,61864,0.02,8.3,0,0.431,1,7.4,0.493,10900,Group_A,0.985,1,0.6177,Approved
APP-00132,US,US_Midwest,25-34,Part-time,91768,0.395,8.6,0,0.373,0,0,0.349,8100,Group_A,0.9251,1,0.4289,Declined
APP-00133,US,US_South,35-44,Full-time,142763,0.364,9.9,3,0.487,1,6.4,0.341,27500,Group_B,0.9792,1,0.5663,Manual Review
APP-00134,US,US_West,35-44,Full-time,128523,0.204,9.8,0,0.244,1,10.2,0.379,26500,Group_A,0.99,1,0.6126,Approved
APP-00135,EU,EU_South,35-44,Full-time,65307,0.504,4.5,5,0.525,1,1,0.306,16400,Group_B,0.2976,1,0.0941,Declined
APP-00136,US,US_East,18-24,Full-time,116348,0.232,0.4,0,0.155,0,0,0.448,17900,Group_C,0.9608,1,0.553,Manual Review
APP-00137,US,US_West,45-54,Full-time,47604,0.02,15.3,0,0.54,0,0,0.393,7500,Group_A,0.9413,1,0.5989,Approved
APP-00138,EU,EU_Central,25-34,Student,14447,0.707,3.6,2,0.669,0,0,0.815,3400,Group_B,0.1606,0,0,Declined
APP-00139,US,US_Midwest,35-44,Self-employed,79363,0.561,12.4,0,0.809,1,8.3,0.525,6900,Group_A,0.7872,1,0.4149,Declined
APP-00140,EU,EU_West,35-44,Part-time,145439,0.389,14.4,1,0.443,0,0,0.632,23000,Group_C,0.955,1,0.6292,Approved
APP-00141,EU,EU_West,25-34,Full-time,57052,0.053,4.6,0,0.659,0,0,0.271,11100,Group_B,0.878,1,0.4822,Manual Review
APP-00142,US,US_South,25-34,Full-time,68661,0.308,6,1,0.674,1,9.1,0.379,12100,Group_A,0.7424,0,0.3334,Declined
APP-00143,US,US_Midwest,18-24,Full-time,22347,0.287,0,1,0.556,0,0,0.305,4400,Group_B,0.3784,0,0.1258,Declined
APP-00144,US,US_West,45-54,Student,63723,0.255,16.3,5,0.557,1,11.3,0.46,12400,Group_A,0.8078,1,0.4318,Declined
APP-00145,US,US_South,55+,Part-time,79233,0.535,19.2,1,0.263,1,5.2,0.563,11600,Group_A,0.9505,1,0.4956,Manual Review
APP-00146,US,US_East,35-44,Full-time,107895,0.107,9.1,0,0.36,1,4.9,0.159,10400,Group_B,0.9852,0,0.5798,Manual Review
APP-00147,EU,EU_West,18-24,Full-time,38436,0.246,3.5,1,0.485,1,1.6,0.228,9400,Group_A,0.836,1,0.4248,Declined
APP-00148,US,US_South,25-34,Full-time,54251,0.225,7,0,0.166,1,9.3,0.097,8200,Group_A,0.9877,1,0.6495,Approved
APP-00149,US,US_West,45-54,Self-employed,48858,0.072,17,0,0.346,1,6.9,0.393,9000,Group_A,0.9761,1,0.6089,Approved
APP-00150,US,US_West,45-54,Unemployed,32611,0.535,14.8,0,0.574,1,8.7,0.691,6800,Group_B,0.8362,1,0.4401,Declined
APP-00151,EU,EU_North,18-24,Full-time,31374,0.209,0,1,0.244,0,0,0.126,8100,Group_A,0.8,1,0.4814,Manual Review
APP-00152,US,US_South,18-24,Full-time,30034,0.353,3.9,1,0.535,0,0,0.341,3600,Group_A,0.5149,1,0.2553,Declined
APP-00153,US,US_East,45-54,Full-time,66321,0.102,12.3,1,0.336,1,10.5,0.51,10800,Group_B,0.966,1,0.604,Approved
APP-00154,US,US_South,25-34,Full-time,50144,0.365,1.9,0,0.549,1,3.4,0.32,12600,Group_B,0.8368,0,0.4048,Declined
APP-00155,EU,EU_South,25-34,Full-time,58531,0.38,4.1,1,0.493,1,1.8,0.153,14200,Group_A,0.7047,0,0.3066,Declined
APP-00156,US,US_East,18-24,Full-time,62932,0.403,3.5,0,0.356,0,0,0.373,11600,Group_A,0.4619,0,0.2513,Declined
APP-00157,EU,EU_South,35-44,Part-time,58557,0.108,10.5,0,0.328,0,0,0.295,5100,Group_A,0.887,1,0.6002,Approved
APP-00158,EU,EU_North,45-54,Part-time,52660,0.202,12.3,2,0.492,0,0,0.256,13400,Group_A,0.4733,0,0.3249,Declined
APP-00159,US,US_West,55+,Full-time,89486,0.16,22.1,1,0.241,0,0,0.371,20000,Group_A,0.9768,1,0.6585,Approved
APP-00160,EU,EU_South,35-44,Part-time,30314,0.535,5.6,0,0.634,1,2.7,0.374,1800,Group_B,0.2783,0,0.0616,Declined
APP-00161,US,US_South,35-44,Full-time,79317,0.338,9.1,0,0.317,0,0,0.562,13400,Group_B,0.9573,1,0.4914,Manual Review
APP-00162,EU,EU_West,18-24,Full-time,45755,0.243,0.8,1,0.529,0,0,0.317,8300,Group_B,0.4796,1,0.1912,Declined
APP-00163,EU,EU_North,35-44,Full-time,45894,0.552,12.9,1,0.7,1,6.2,0.526,2800,Group_A,0.7897,1,0.4003,Declined
APP-00164,US,US_West,25-34,Full-time,97816,0.126,8.2,2,0.195,0,0,0.357,9200,Group_B,0.9674,1,0.5659,Manual Review
APP-00165,US,US_West,35-44,Full-time,60707,0.168,8,1,0.399,1,11.2,0.099,9600,Group_A,0.9617,1,0.5823,Approved
APP-00166,EU,EU_North,25-34,Full-time,72479,0.348,5.4,0,0.551,0,0,0.24,16000,Group_C,0.6798,1,0.3041,Declined
APP-00167,US,US_East,25-34,Full-time,105531,0.38,3.7,0,0.577,1,6.9,0.307,7100,Group_B,0.9736,1,0.5319,Manual Review
APP-00168,US,US_Midwest,18-24,Unemployed,30279,0.496,3.5,2,0.505,0,0,0.421,5800,Group_A,0.2562,0,0.0382,Declined
APP-00169,US,US_West,25-34,Full-time,63464,0.281,4.8,1,0.188,0,0,0.364,15200,Group_B,0.9075,1,0.5485,Manual Review
APP-00170,EU,EU_West,18-24,Full-time,43338,0.28,1.7,0,0.576,0,0,0.298,9500,Group_A,0.9007,1,0.4788,Declined
APP-00171,EU,EU_Central,25-34,Full-time,95718,0.092,3.3,1,0.425,1,3.3,0.183,9500,Group_B,0.9737,1,0.5292,Manual Review
APP-00172,US,US_South,55+,Self-employed,101939,0.175,18.5,0,0.469,0,0,0.462,14300,Group_A,0.9649,1,0.6438,Approved
APP-00173,US,US_West,35-44,Full-time,68336,0.144,13.2,1,0.436,1,7.3,0.197,8200,Group_A,0.9754,1,0.5073,Manual Review
APP-00174,US,US_West,35-44,Part-time,36883,0.401,11,0,0.707,1,10.6,0.608,4300,Group_C,0.5413,0,0.1928,Declined
APP-00175,EU,EU_South,45-54,Full-time,37684,0.088,18,0,0.383,0,0,0.492,6000,Group_A,0.9481,1,0.5344,Manual Review
APP-00176,US,US_West,55+,Full-time,74026,0.416,18.1,1,0.524,1,4.9,0.33,7300,Group_B,0.9241,1,0.4512,Declined
APP-00177,EU,EU_West,35-44,Full-time,86963,0.183,9.6,0,0.267,0,0,0.347,9200,Group_A,0.9683,1,0.5815,Approved
APP-00178,US,US_South,45-54,Full-time,133814,0.377,11.4,0,0.581,0,0,0.419,19300,Group_B,0.9433,1,0.5631,Manual Review
APP-00179,EU,EU_West,25-34,Full-time,73449,0.2,5.1,0,0.183,0,0,0.319,16600,Group_B,0.863,0,0.4921,Manual Review
APP-00180,US,US_East,25-34,Full-time,135918,0.212,4.2,1,0.51,0,0,0.333,20300,Group_A,0.9548,1,0.5857,Approved
APP-00181,US,US_East,25-34,Self-employed,49743,0.257,10.6,1,0.328,0,0,0.284,8300,Group_A,0.8253,1,0.4363,Declined
APP-00182,US,US_East,35-44,Full-time,150636,0.188,8.1,0,0.505,0,0,0.123,8900,Group_A,0.9886,1,0.5647,Manual Review
APP-00183,EU,EU_West,35-44,Full-time,71143,0.519,11.6,0,0.287,0,0,0.935,16600,Group_A,0.9409,1,0.4998,Manual Review
APP-00184,EU,EU_Central,25-34,Unemployed,41401,0.496,9.9,0,0.199,1,5.3,0.52,8000,Group_A,0.7929,1,0.3844,Declined
APP-00185,US,US_West,25-34,Full-time,32414,0.308,5.6,0,0.579,1,5.6,0.307,7300,Group_B,0.8366,1,0.4002,Declined
APP-00186,EU,EU_West,35-44,Part-time,58630,0.355,10.4,2,0.378,1,7.6,0.415,5300,Group_C,0.7423,1,0.4276,Declined
APP-00187,EU,EU_West,25-34,Part-time,17837,0.292,3.4,2,0.62,0,0,0.432,4700,Group_C,0.1407,1,0,Declined
APP-00188,EU,EU_Central,35-44,Full-time,67079,0.425,5.8,1,0.572,1,2.3,0.219,8400,Group_B,0.8126,0,0.4039,Declined
APP-00189,US,US_Midwest,35-44,Full-time,92226,0.145,10.5,0,0.537,0,0,0.275,8100,Group_B,0.99,1,0.6252,Approved
APP-00190,US,US_West,35-44,Full-time,59838,0.559,12.1,2,0.715,0,0,0.308,4400,Group_B,0.6643,1,0.363,Declined
APP-00191,US,US_South,45-54,Self-employed,54496,0.194,15,1,0.369,1,9.1,0.226,4500,Group_A,0.9727,1,0.5404,Manual Review
APP-00192,EU,EU_North,45-54,Self-employed,119412,0.18,12.5,0,0.595,1,11.7,0.574,15700,Group_C,0.99,1,0.693,Approved
APP-00193,EU,EU_West,35-44,Part-time,45207,0.573,3.4,1,0.585,0,0,0.701,4600,Group_B,0.4195,0,0.12,Declined
APP-00194,EU,EU_West,45-54,Student,27993,0.205,11.6,1,0.683,0,0,0.433,6000,Group_B,0.6876,1,0.3456,Declined
APP-00195,US,US_West,35-44,Self-employed,83980,0.598,10.7,2,0.334,1,10.5,0.508,11700,Group_A,0.7087,0,0.3363,Declined
APP-00196,US,US_West,25-34,Full-time,244239,0.176,10,0,0.263,0,0,0.141,30000,Group_A,0.99,1,0.7266,Approved
APP-00197,EU,EU_South,18-24,Full-time,85733,0.435,4,1,0.433,0,0,0.642,13900,Group_A,0.749,1,0.5114,Manual Review
APP-00198,EU,EU_West,25-34,Part-time,73519,0.435,6.2,1,0.561,1,8.4,0.265,6900,Group_C,0.841,1,0.5126,Manual Review
APP-00199,EU,EU_South,35-44,Full-time,109804,0.261,10.1,1,0.645,0,0,0.257,17000,Group_A,0.8873,1,0.5473,Manual Review
APP-00200,EU,EU_West,35-44,Full-time,97283,0.468,9.7,2,0.382,1,11.8,0.625,10200,Group_A,0.8664,1,0.4605,Declined
APP-00201,EU,EU_West,45-54,Self-employed,27760,0.24,18.1,1,0.471,0,0,0.393,3500,Group_C,0.8673,1,0.4824,Manual Review
APP-00202,US,US_West,25-34,Full-time,54932,0.376,6.9,2,0.395,0,0,0.234,6400,Group_A,0.6043,1,0.3545,Declined
APP-00203,US,US_South,25-34,Student,26114,0.417,1.9,3,0.481,0,0,0.597,2600,Group_A,0.0978,0,0.0057,Declined
APP-00204,EU,EU_North,55+,Self-employed,32364,0.291,19.5,1,0.728,1,6.9,0.912,9700,Group_A,0.7137,0,0.3903,Declined
APP-00205,EU,EU_South,18-24,Full-time,25399,0.239,0,1,0.509,0,0,0.352,4000,Group_B,0.4845,0,0.2176,Declined
APP-00206,US,US_West,35-44,Unemployed,13519,0.178,8.8,2,0.612,1,7.3,0.625,2700,Group_C,0.138,0,0.0759,Declined
APP-00207,US,US_East,35-44,Full-time,88717,0.218,12.2,0,0.646,1,6.9,0.336,6800,Group_A,0.9557,1,0.6075,Approved
APP-00208,EU,EU_West,35-44,Full-time,121772,0.399,9.8,0,0.288,1,10.5,0.524,20100,Group_C,0.99,1,0.5394,Manual Review
APP-00209,US,US_West,18-24,Full-time,83949,0.204,2.3,1,0.316,0,0,0.341,14500,Group_A,0.9114,1,0.5232,Manual Review
APP-00210,US,US_East,18-24,Full-time,57387,0.293,4.4,1,0.489,0,0,0.815,8300,Group_C,0.753,1,0.4162,Declined
APP-00211,US,US_East,18-24,Full-time,27716,0.157,0,0,0.467,0,0,0.07,2800,Group_B,0.4795,1,0.2086,Declined
APP-00212,EU,EU_South,35-44,Full-time,31711,0.079,12.9,0,0.793,0,0,0.374,500,Group_B,0.8441,1,0.5103,Manual Review
APP-00213,EU,EU_West,35-44,Full-time,40940,0.179,9.5,0,0.722,1,7.1,0.083,2700,Group_A,0.905,1,0.4715,Declined
APP-00214,US,US_Midwest,25-34,Full-time,39315,0.4,5.7,0,0.549,1,6.2,0.334,9200,Group_C,0.8381,1,0.4761,Declined
APP-00215,EU,EU_North,35-44,Part-time,31748,0.424,8.2,1,0.202,0,0,0.452,8700,Group_B,0.7645,1,0.3898,Declined
APP-00216,US,US_Midwest,45-54,Part-time,55792,0.202,16.3,0,0.183,0,0,0.422,7300,Group_A,0.9707,1,0.6039,Approved
APP-00217,US,US_Midwest,18-24,Full-time,27090,0.105,1.3,0,0.508,1,2.4,0.163,3200,Group_B,0.7541,0,0.3963,Declined
APP-00218,EU,EU_West,35-44,Full-time,105134,0.455,12,2,0.566,1,8.7,0.558,4900,Group_A,0.8837,1,0.5607,Manual Review
APP-00219,EU,EU_West,35-44,Full-time,75882,0.249,8.3,0,0.664,0,0,0.192,12000,Group_C,0.9677,1,0.5648,Manual Review
APP-00220,EU,EU_South,25-34,Full-time,74918,0.262,4,2,0.166,0,0,0.244,6600,Group_A,0.8114,1,0.4391,Declined
APP-00221,EU,EU_Central,25-34,Part-time,65357,0.521,9.8,1,0.57,0,0,0.382,8500,Group_B,0.5212,0,0.2494,Declined
APP-00222,EU,EU_West,35-44,Self-employed,48455,0.027,9.9,0,0.269,1,7.7,0.556,3400,Group_A,0.9446,1,0.5518,Manual Review
APP-00223,US,US_East,55+,Full-time,99499,0.166,22.5,2,0.239,0,0,0.167,16900,Group_A,0.99,1,0.6405,Approved
APP-00224,US,US_South,45-54,Full-time,95155,0.076,12.5,1,0.063,1,8.8,0.768,18000,Group_A,0.9713,1,0.585,Approved
APP-00225,US,US_West,35-44,Full-time,77683,0.08,10.4,1,0.193,0,0,0.207,15500,Group_A,0.9524,1,0.5791,Manual Review
APP-00226,US,US_Midwest,45-54,Self-employed,130215,0.218,15.7,0,0.699,1,7.7,0.384,24100,Group_A,0.9833,1,0.6618,Approved
APP-00227,EU,EU_North,25-34,Full-time,110742,0.225,7.5,1,0.441,0,0,0.405,8000,Group_A,0.974,1,0.6257,Approved
APP-00228,US,US_East,35-44,Unemployed,19334,0.597,2.8,2,0.525,0,0,0.619,3100,Group_B,0.1263,0,0,Declined
APP-00229,EU,EU_South,35-44,Part-time,52063,0.469,11.4,1,0.662,0,0,0.755,5200,Group_A,0.7216,1,0.2957,Declined
APP-00230,EU,EU_North,25-34,Full-time,84622,0.13,4,1,0.421,1,5.6,0.486,14700,Group_A,0.9744,1,0.5303,Manual Review
APP-00231,EU,EU_West,35-44,Full-time,66902,0.376,9.5,1,0.282,0,0,0.24,4800,Group_B,0.7332,0,0.3433,Declined
APP-00232,US,US_West,35-44,Student,51063,0.273,8.7,2,0.329,1,10.2,0.438,4900,Group_A,0.6817,0,0.321,Declined
APP-00233,EU,EU_South,25-34,Full-time,78980,0.42,3.6,0,0.528,0,0,0.449,12900,Group_C,0.7961,1,0.4347,Declined
APP-00234,US,US_Midwest,55+,Full-time,175456,0.388,19.4,0,0.475,0,0,0.164,11700,Group_C,0.99,1,0.6542,Approved
APP-00235,US,US_East,18-24,Full-time,21475,0.144,0,0,0.52,0,0,0.243,900,Group_B,0.7541,1,0.3048,Declined
APP-00236,EU,EU_North,25-34,Part-time,37027,0.419,3.3,1,0.624,1,4.6,0.318,4500,Group_B,0.4434,0,0.2283,Declined
APP-00237,US,US_South,18-24,Self-employed,28886,0.147,0,2,0.176,0,0,0.446,8100,Group_C,0.4206,1,0.1907,Declined
APP-00238,US,US_South,45-54,Self-employed,114740,0.307,12,1,0.271,0,0,0.246,12000,Group_A,0.9826,1,0.5804,Approved
APP-00239,EU,EU_South,35-44,Student,18955,0.847,13.2,1,0.513,1,7.8,0.419,5100,Group_A,0.4586,1,0.218,Declined
APP-00240,US,US_East,25-34,Student,37886,0.245,3.6,0,0.423,1,6.4,0.42,7500,Group_A,0.8076,1,0.4408,Declined
APP-00241,EU,EU_South,35-44,Student,24770,0.433,8.4,0,0.284,0,0,0.331,5700,Group_B,0.3257,0,0.1574,Declined
APP-00242,EU,EU_South,25-34,Full-time,53585,0.246,8.2,1,0.212,0,0,0.14,14400,Group_A,0.9447,1,0.516,Manual Review
APP-00243,EU,EU_West,45-54,Full-time,41856,0.23,12.4,0,0.417,0,0,0.406,10600,Group_B,0.9094,1,0.5381,Manual Review
APP-00244,US,US_West,35-44,Part-time,42784,0.46,8.2,1,0.403,1,10.3,0.583,7900,Group_C,0.6678,0,0.322,Declined
APP-00245,US,US_West,25-34,Part-time,70981,0.789,6,2,0.89,1,7.3,0.568,6300,Group_C,0.2273,0,0.0205,Declined
APP-00246,EU,EU_South,55+,Self-employed,74398,0.239,23.5,2,0.178,0,0,0.363,9500,Group_A,0.9417,1,0.5498,Manual Review
APP-00247,US,US_East,25-34,Full-time,98899,0.167,3.9,0,0.77,1,8.1,0.318,19100,Group_A,0.9258,1,0.5584,Manual Review
APP-00248,EU,EU_South,25-34,Part-time,82752,0.659,4,3,0.386,0,0,0.348,6700,Group_B,0.1648,0,0.1045,Declined
APP-00249,EU,EU_Central,35-44,Part-time,53330,0.385,5,0,0.586,1,6.2,0.6,2900,Group_B,0.633,0,0.3253,Declined
APP-00250,EU,EU_South,55+,Full-time,64089,0.283,20.1,3,0.821,0,0,0.55,5600,Group_A,0.5769,1,0.2947,Declined
APP-00251,US,US_South,25-34,Full-time,92011,0.061,6.6,0,0.222,1,6,0.212,18400,Group_A,0.9836,1,0.6409,Approved
APP-00252,US,US_South,18-24,Full-time,37272,0.186,0,0,0.525,0,0,0.462,6400,Group_C,0.5387,1,0.285,Declined
APP-00253,EU,EU_West,25-34,Full-time,49801,0.103,3.3,1,0.239,1,5.2,0.103,7900,Group_B,0.9388,1,0.5075,Manual Review
APP-00254,US,US_Midwest,35-44,Full-time,38173,0.225,5.7,2,0.442,1,6.2,0.88,5900,Group_B,0.3831,1,0.2299,Declined
APP-00255,US,US_West,25-34,Full-time,105580,0.169,5.7,0,0.495,1,6.6,0.282,21900,Group_C,0.9892,1,0.5632,Manual Review
APP-00256,EU,EU_Central,35-44,Full-time,63585,0.324,11.1,1,0.575,1,8.2,0.267,8800,Group_B,0.9434,1,0.4636,Declined
APP-00257,EU,EU_West,55+,Self-employed,81671,0.451,18.6,2,0.223,0,0,0.47,6400,Group_A,0.8227,1,0.4922,Manual Review
APP-00258,EU,EU_Central,35-44,Self-employed,51705,0.365,9.6,1,0.295,0,0,0.749,6600,Group_A,0.7299,0,0.4459,Declined
APP-00259,EU,EU_South,25-34,Part-time,56801,0.106,7.6,1,0.113,1,7,0.608,5500,Group_A,0.8495,1,0.5096,Manual Review
APP-00260,US,US_South,25-34,Full-time,52920,0.108,9.2,1,0.323,1,8,0.301,7100,Group_A,0.9553,1,0.5025,Manual Review
APP-00261,EU,EU_West,18-24,Full-time,40116,0.23,0,0,0.847,0,0,0.234,5600,Group_B,0.8594,1,0.3936,Declined
APP-00262,EU,EU_West,45-54,Student,51794,0.404,13.4,4,0.795,0,0,0.291,11900,Group_B,0.5635,1,0.3056,Declined
APP-00263,US,US_South,25-34,Full-time,99335,0.028,6.1,0,0.294,1,4.3,0.448,14900,Group_C,0.9734,1,0.6097,Approved
APP-00264,US,US_East,25-34,Unemployed,28889,0.596,6.3,2,0.354,0,0,0.739,6200,Group_A,0.2019,0,0.049,Declined
APP-00265,EU,EU_Central,35-44,Part-time,21374,0.294,3.4,1,0.838,0,0,0.502,4100,Group_B,0.5754,1,0.2338,Declined
APP-00266,EU,EU_West,35-44,Full-time,260000,0.189,9.9,0,0.783,1,7.2,0.384,30000,Group_B,0.99,1,0.7201,Approved
APP-00267,EU,EU_South,35-44,Unemployed,64939,0.498,12.1,3,0.411,0,0,0.419,4400,Group_B,0.6495,0,0.3791,Declined
APP-00268,EU,EU_North,18-24,Full-time,59189,0.103,0.6,1,0.177,0,0,0.263,14800,Group_B,0.9063,1,0.4535,Declined
APP-00269,US,US_Midwest,45-54,Full-time,68228,0.055,13.7,0,0.305,1,3.8,0.485,11200,Group_A,0.9796,1,0.6407,Approved
APP-00270,US,US_Midwest,55+,Self-employed,71496,0.298,19.9,1,0.207,0,0,0.512,18900,Group_A,0.9477,1,0.6058,Approved
APP-00271,EU,EU_West,35-44,Full-time,70680,0.24,14.9,0,0.315,1,6.5,0.45,14400,Group_A,0.9428,1,0.6331,Approved
APP-00272,EU,EU_West,55+,Student,63279,0.516,23,1,0.236,1,8.2,0.523,13300,Group_A,0.8939,1,0.5336,Manual Review
APP-00273,EU,EU_West,25-34,Full-time,83912,0.03,7.9,0,0.166,1,8.6,0.363,15600,Group_A,0.9728,1,0.6493,Approved
APP-00274,EU,EU_South,35-44,Full-time,53155,0.561,9.6,1,0.421,1,8.3,0.746,9600,Group_B,0.6972,1,0.3747,Declined
APP-00275,US,US_Midwest,35-44,Self-employed,62234,0.297,8.5,2,0.649,1,4.6,0.33,8700,Group_C,0.7765,1,0.3581,Declined
APP-00276,US,US_South,35-44,Self-employed,114393,0.279,8.4,1,0.436,1,8.1,0.484,14700,Group_B,0.9589,1,0.6059,Approved
APP-00277,EU,EU_North,25-34,Full-time,128389,0.273,4.1,0,0.341,1,5,0.457,27800,Group_B,0.9825,1,0.6211,Approved
APP-00278,EU,EU_North,25-34,Full-time,148323,0.543,7.7,1,0.403,0,0,0.442,27700,Group_A,0.9721,1,0.5437,Manual Review
APP-00279,EU,EU_North,25-34,Part-time,55005,0.377,7.6,0,0.829,0,0,0.287,6200,Group_B,0.6595,1,0.3344,Declined
APP-00280,EU,EU_West,25-34,Full-time,66551,0.319,9,0,0.278,1,5.9,0.295,8800,Group_A,0.9666,1,0.6387,Approved
APP-00281,EU,EU_West,25-34,Part-time,12000,0.155,3.4,3,0.089,1,4.9,0.481,2100,Group_A,0.6357,1,0.3052,Declined
APP-00282,US,US_South,45-54,Full-time,109455,0.156,16.5,0,0.573,1,4,0.34,7800,Group_A,0.99,1,0.6445,Approved
APP-00283,US,US_South,25-34,Part-time,46645,0.476,8.1,0,0.427,1,9.7,0.288,2900,Group_A,0.7537,1,0.349,Declined
APP-00284,US,US_West,18-24,Self-employed,49609,0.17,3.9,0,0.278,0,0,0.34,5700,Group_A,0.9175,1,0.4903,Manual Review
APP-00285,EU,EU_South,35-44,Full-time,92477,0.392,9.6,1,0.331,1,7.5,0.296,20100,Group_A,0.9622,1,0.5854,Approved
APP-00286,US,US_South,35-44,Full-time,49694,0.183,17.4,0,0.406,0,0,0.277,3700,Group_A,0.9699,1,0.587,Approved
APP-00287,US,US_West,45-54,Student,49935,0.703,12.2,0,0.738,0,0,0.41,6000,Group_C,0.7863,1,0.3715,Declined
APP-00288,US,US_East,35-44,Full-time,119965,0.537,8.6,0,0.7,1,9.6,0.306,23900,Group_A,0.9747,1,0.607,Approved
APP-00289,US,US_East,25-34,Unemployed,39663,0.497,7,2,0.575,0,0,0.554,6900,Group_A,0.5119,1,0.1854,Declined
APP-00290,EU,EU_North,45-54,Full-time,146606,0.067,20.7,0,0.583,1,5.9,0.607,13200,Group_A,0.99,1,0.6578,Approved
APP-00291,US,US_South,35-44,Full-time,99276,0.08,7,0,0.188,1,9.3,0.271,21100,Group_B,0.9839,1,0.6305,Approved
APP-00292,US,US_Midwest,18-24,Full-time,42421,0.05,1.9,2,0.045,0,0,0.436,10300,Group_A,0.8821,1,0.4626,Declined
APP-00293,EU,EU_West,35-44,Unemployed,34211,0.283,13.4,1,0.737,1,8,0.465,3300,Group_A,0.5407,1,0.2926,Declined
APP-00294,US,US_East,55+,Full-time,85862,0.415,21,1,0.391,1,6.5,0.276,16800,Group_A,0.99,1,0.6386,Approved
APP-00295,US,US_South,25-34,Student,34029,0.21,5.8,2,0.608,0,0,0.431,7400,Group_A,0.679,1,0.3277,Declined
APP-00296,US,US_South,25-34,Student,50802,0.406,7.7,1,0.232,1,11.3,0.413,12000,Group_A,0.8138,0,0.4151,Declined
APP-00297,EU,EU_South,25-34,Full-time,99613,0.174,7.1,0,0.403,0,0,0.377,9700,Group_A,0.9841,1,0.5724,Manual Review
APP-00298,US,US_Midwest,25-34,Full-time,189891,0.3,8.8,3,0.282,0,0,0.218,24400,Group_A,0.99,1,0.5239,Manual Review
APP-00299,EU,EU_West,25-34,Part-time,126001,0.313,9.3,1,0.429,0,0,0.517,20300,Group_A,0.886,1,0.5735,Manual Review
APP-00300,US,US_South,35-44,Full-time,93554,0.16,11.7,2,0.461,1,7.1,0.481,12400,Group_A,0.9226,1,0.555,Manual Review
APP-00301,US,US_South,18-24,Part-time,12000,0.181,0.9,1,0.529,0,0,0.489,3100,Group_B,0.432,1,0.174,Declined
APP-00302,US,US_West,55+,Full-time,120504,0.261,19.3,1,0.363,0,0,0.291,11300,Group_B,0.989,1,0.5642,Manual Review
APP-00303,US,US_South,45-54,Full-time,75085,0.278,17.1,2,0.246,0,0,0.325,10300,Group_A,0.9714,1,0.6268,Approved
APP-00304,EU,EU_West,35-44,Part-time,39400,0.282,11.1,1,0.359,1,9.8,0.229,4900,Group_A,0.8766,1,0.4655,Declined
APP-00305,EU,EU_West,45-54,Full-time,74701,0.094,15,0,0.68,0,0,0.243,6700,Group_C,0.9303,1,0.5736,Manual Review
APP-00306,EU,EU_West,18-24,Full-time,41728,0.145,5.1,0,0.397,0,0,0.269,8900,Group_A,0.8217,1,0.4516,Declined
APP-00307,US,US_East,35-44,Full-time,118893,0.521,14.3,1,0.252,1,5.1,0.558,15400,Group_A,0.9814,1,0.5268,Manual Review
APP-00308,US,US_West,35-44,Full-time,37500,0.338,5.5,1,0.348,0,0,0.272,4900,Group_B,0.4289,0,0.2623,Declined
APP-00309,EU,EU_North,45-54,Full-time,58957,0.208,16,3,0.433,0,0,0.483,11900,Group_A,0.6577,0,0.4226,Declined
APP-00310,US,US_Midwest,45-54,Part-time,69962,0.162,14.5,1,0.638,0,0,0.419,10300,Group_A,0.8749,0,0.5352,Manual Review
APP-00311,US,US_West,25-34,Full-time,98689,0.361,5.8,0,0.805,1,2.7,0.419,16700,Group_A,0.9555,1,0.5258,Manual Review
APP-00312,US,US_West,55+,Full-time,102661,0.399,20.9,0,0.603,1,9.3,0.79,7700,Group_C,0.979,1,0.5451,Manual Review
APP-00313,US,US_East,25-34,Self-employed,47775,0.485,8,1,0.368,1,7.8,0.669,1700,Group_A,0.7677,1,0.4321,Declined
APP-00314,EU,EU_South,45-54,Full-time,51674,0.288,13.6,0,0.284,1,8,0.394,10500,Group_B,0.9524,1,0.6429,Approved
APP-00315,EU,EU_North,55+,Full-time,61237,0.623,15.8,3,0.543,0,0,0.221,12900,Group_C,0.6135,1,0.3104,Declined
APP-00316,EU,EU_West,25-34,Student,36114,0.475,4.4,1,0.485,0,0,0.355,5300,Group_A,0.3414,0,0.1395,Declined
APP-00317,US,US_South,45-54,Part-time,116978,0.242,18,0,0.289,0,0,0.307,20200,Group_A,0.99,1,0.5958,Approved
APP-00318,US,US_South,18-24,Full-time,20304,0.111,0,0,0.127,0,0,0.238,1900,Group_A,0.6252,1,0.2538,Declined
APP-00319,US,US_South,25-34,Self-employed,61642,0.228,9.1,0,0.49,0,0,0.484,9400,Group_A,0.8689,1,0.4754,Declined
APP-00320,US,US_West,35-44,Full-time,49551,0.203,12.1,0,0.27,1,9.7,0.16,5200,Group_A,0.9824,1,0.6335,Approved
APP-00321,US,US_East,35-44,Self-employed,36570,0.194,12.9,1,0.491,0,0,0.531,8200,Group_C,0.7042,1,0.4444,Declined
APP-00322,EU,EU_South,55+,Full-time,106723,0.507,18.4,0,0.566,0,0,0.307,14600,Group_B,0.923,1,0.546,Manual Review
APP-00323,EU,EU_West,35-44,Full-time,96656,0.18,4.3,1,0.638,0,0,0.272,11100,Group_B,0.7255,1,0.4213,Declined
APP-00324,US,US_West,35-44,Full-time,110492,0.265,11.9,1,0.798,1,5.3,0.276,19000,Group_A,0.9769,1,0.508,Manual Review
APP-00325,EU,EU_West,45-54,Full-time,121465,0.461,16.6,3,0.264,0,0,0.329,7800,Group_B,0.9644,1,0.5862,Approved
APP-00326,EU,EU_Central,55+,Full-time,61983,0.212,22,0,0.221,1,5.6,0.314,6800,Group_C,0.9829,1,0.5991,Approved
APP-00327,EU,EU_West,18-24,Unemployed,13771,0.48,0,6,0.822,0,0,0.857,4000,Group_B,0.01,0,0,Declined
APP-00328,EU,EU_Central,55+,Full-time,220370,0.461,21.2,0,0.663,1,9.4,0.519,30000,Group_A,0.99,1,0.6596,Approved
APP-00329,US,US_South,18-24,Full-time,38267,0.093,0,0,0.17,0,0,0.296,6900,Group_B,0.9238,1,0.5,Manual Review
APP-00330,US,US_West,45-54,Full-time,133300,0.121,14.2,2,0.713,0,0,0.292,29300,Group_A,0.9495,1,0.6189,Approved
APP-00331,US,US_South,25-34,Full-time,74778,0.427,8.6,2,0.241,0,0,0.182,6800,Group_A,0.9091,1,0.5828,Approved
APP-00332,EU,EU_South,25-34,Self-employed,29635,0.044,3.9,0,0.124,0,0,0.371,2400,Group_A,0.6669,1,0.3796,Declined
APP-00333,US,US_South,25-34,Full-time,24902,0.457,2.3,3,0.42,0,0,0.282,6400,Group_B,0.1469,0,0.0609,Declined
APP-00334,US,US_West,35-44,Full-time,58296,0.728,6.4,3,0.781,1,6.3,0.408,10800,Group_B,0.3508,0,0.0478,Declined
APP-00335,US,US_South,25-34,Full-time,119928,0.02,3.2,0,0.25,0,0,0.669,16600,Group_A,0.989,1,0.6123,Approved
APP-00336,US,US_West,18-24,Part-time,45541,0.198,2.8,1,0.463,0,0,0.625,10000,Group_A,0.8082,1,0.3695,Declined
APP-00337,EU,EU_Central,35-44,Full-time,136188,0.452,13.6,1,0.209,1,6.4,0.481,16300,Group_A,0.99,1,0.6035,Approved
APP-00338,EU,EU_North,55+,Full-time,52855,0.14,20.6,0,0.81,1,10.1,0.167,10300,Group_A,0.99,1,0.6015,Approved
APP-00339,US,US_West,25-34,Full-time,154283,0.173,3.2,0,0.28,0,0,0.12,24400,Group_A,0.99,1,0.6673,Approved
APP-00340,US,US_South,25-34,Full-time,48301,0.344,8.3,1,0.538,1,5.3,0.269,4400,Group_A,0.7565,1,0.3619,Declined
APP-00341,US,US_South,35-44,Full-time,83250,0.287,12.5,2,0.428,1,7.4,0.167,19000,Group_B,0.9716,1,0.5753,Manual Review
APP-00342,US,US_Midwest,18-24,Self-employed,46364,0.17,1.1,2,0.397,0,0,0.538,7200,Group_A,0.7605,0,0.4396,Declined
APP-00343,US,US_East,45-54,Self-employed,80848,0.24,14.9,0,0.228,1,5.3,0.587,6400,Group_A,0.9854,1,0.6503,Approved
APP-00344,US,US_West,45-54,Part-time,109496,0.138,17.1,1,0.109,0,0,0.723,11500,Group_A,0.9863,1,0.6572,Approved
APP-00345,US,US_South,35-44,Full-time,61339,0.028,13.6,0,0.202,0,0,0.35,14400,Group_C,0.9894,1,0.5907,Approved
APP-00346,EU,EU_South,25-34,Full-time,34046,0.33,3.2,2,0.552,1,7.8,0.236,4600,Group_B,0.6491,1,0.2718,Declined
APP-00347,EU,EU_Central,45-54,Full-time,80977,0.241,10.9,0,0.285,0,0,0.256,12800,Group_B,0.9629,1,0.5424,Manual Review
APP-00348,US,US_East,35-44,Unemployed,29504,0.184,12.4,3,0.558,0,0,0.525,7100,Group_A,0.5412,0,0.2738,Declined
APP-00349,US,US_West,45-54,Self-employed,260000,0.237,15.6,1,0.573,1,10.6,0.606,30000,Group_B,0.99,1,0.668,Approved
APP-00350,EU,EU_South,35-44,Self-employed,111738,0.134,11,2,0.116,1,6.5,0.517,19200,Group_A,0.9854,1,0.6465,Approved
APP-00351,US,US_South,45-54,Full-time,66751,0.477,12.6,3,0.418,1,8.3,0.474,6500,Group_B,0.7542,1,0.4097,Declined
APP-00352,EU,EU_West,35-44,Full-time,52377,0.069,12.2,1,0.434,1,5.3,0.076,8500,Group_C,0.9732,1,0.5716,Manual Review
APP-00353,EU,EU_Central,25-34,Full-time,26813,0.436,5.5,2,0.334,1,5.4,0.495,2500,Group_B,0.665,1,0.2442,Declined
APP-00354,US,US_Midwest,55+,Full-time,48491,0.193,18.3,1,0.659,1,5.3,0.583,10800,Group_C,0.9314,1,0.5302,Manual Review
APP-00355,US,US_East,35-44,Student,34636,0.403,8.9,1,0.404,0,0,0.49,4400,Group_B,0.4598,1,0.2089,Declined
APP-00356,EU,EU_West,35-44,Unemployed,67137,0.453,8,1,0.211,0,0,0.381,9300,Group_A,0.851,1,0.5589,Manual Review
APP-00357,US,US_West,25-34,Full-time,115286,0.167,7,0,0.529,0,0,0.267,6000,Group_C,0.9473,1,0.5146,Manual Review
APP-00358,EU,EU_North,35-44,Full-time,100062,0.517,10.4,1,0.353,0,0,0.195,14900,Group_A,0.864,1,0.4845,Manual Review
APP-00359,EU,EU_West,35-44,Unemployed,30539,0.326,10,2,0.461,0,0,0.427,3700,Group_A,0.4673,0,0.2433,Declined
APP-00360,EU,EU_West,25-34,Self-employed,76833,0.279,6.4,1,0.597,1,7.3,0.274,14200,Group_A,0.6012,1,0.2837,Declined
APP-00361,US,US_South,18-24,Full-time,40398,0.067,2.6,0,0.645,0,0,0.126,8800,Group_A,0.9339,1,0.5694,Manual Review
APP-00362,EU,EU_West,35-44,Full-time,195579,0.327,13,0,0.152,0,0,0.266,30000,Group_A,0.99,1,0.7576,Approved
APP-00363,US,US_East,45-54,Full-time,87940,0.023,17.3,0,0.382,1,8.9,0.121,4500,Group_A,0.99,1,0.5975,Approved
APP-00364,US,US_West,35-44,Full-time,86821,0.201,10.7,0,0.324,1,7.8,0.238,13000,Group_A,0.99,1,0.5716,Manual Review
APP-00365,EU,EU_North,25-34,Full-time,23055,0.248,6,0,0.227,1,5.9,0.392,4900,Group_B,0.833,0,0.5376,Manual Review
APP-00366,US,US_South,35-44,Self-employed,75474,0.206,11.9,1,0.184,1,8.8,0.612,7300,Group_A,0.9794,1,0.6447,Approved
APP-00367,EU,EU_North,18-24,Full-time,74334,0.293,1.6,0,0.256,1,0,0.309,11600,Group_A,0.8366,1,0.4525,Declined
APP-00368,EU,EU_South,35-44,Full-time,46787,0.485,8.5,1,0.352,1,10.9,0.609,6200,Group_B,0.8256,1,0.4487,Declined
APP-00369,US,US_Midwest,25-34,Full-time,53187,0.02,6.2,0,0.203,1,5.7,0.284,13200,Group_A,0.9474,0,0.5054,Manual Review
APP-00370,US,US_East,25-34,Part-time,55895,0.423,5.4,0,0.779,1,5.6,0.549,3400,Group_B,0.7884,0,0.4741,Declined
APP-00371,US,US_East,25-34,Self-employed,29358,0.473,3.5,0,0.389,1,3.4,0.501,4700,Group_B,0.7417,1,0.3648,Declined
APP-00372,US,US_West,25-34,Full-time,100588,0.139,3.4,0,0.268,1,4.7,0.233,17900,Group_B,0.9743,1,0.6052,Approved
APP-00373,US,US_West,18-24,Student,14631,0.414,4.6,1,0.653,0,0,0.609,1800,Group_B,0.3488,0,0.0792,Declined
APP-00374,EU,EU_South,25-34,Student,27218,0.247,8.6,1,0.23,0,0,0.34,6100,Group_A,0.8131,1,0.3995,Declined
APP-00375,US,US_Midwest,35-44,Full-time,45619,0.496,7.1,3,0.961,1,10,0.63,3000,Group_B,0.3862,1,0.1374,Declined
APP-00376,US,US_West,35-44,Full-time,106999,0.139,12.3,1,0.238,1,1.6,0.169,16200,Group_A,0.99,1,0.697,Approved
APP-00377,EU,EU_West,25-34,Part-time,141220,0.371,6.8,1,0.532,1,9.3,0.809,16800,Group_A,0.9496,1,0.5346,Manual Review
APP-00378,US,US_East,45-54,Part-time,71420,0.401,14.7,1,0.75,0,0,0.363,12200,Group_B,0.9296,1,0.4644,Declined
APP-00379,EU,EU_South,25-34,Unemployed,19776,0.449,6.8,2,0.515,0,0,0.373,4500,Group_A,0.3991,1,0.1676,Declined
APP-00380,US,US_West,35-44,Student,54828,0.499,11.4,3,0.226,0,0,0.464,11300,Group_B,0.2537,0,0.1916,Declined
APP-00381,US,US_Midwest,18-24,Self-employed,33854,0.363,1.1,1,0.36,1,3.2,0.421,7600,Group_B,0.7831,1,0.3598,Declined
APP-00382,EU,EU_West,18-24,Full-time,88383,0.307,1.4,0,0.53,1,2.5,0.62,16500,Group_C,0.9442,1,0.5022,Manual Review
APP-00383,EU,EU_South,35-44,Full-time,121112,0.397,12.3,0,0.198,0,0,0.265,15200,Group_C,0.9845,1,0.6454,Approved
APP-00384,EU,EU_Central,35-44,Full-time,24006,0.304,11.5,1,0.162,1,9.4,0.418,2900,Group_A,0.8837,1,0.529,Manual Review
APP-00385,EU,EU_West,45-54,Full-time,60944,0.417,16.3,1,0.732,0,0,0.605,10200,Group_A,0.8645,1,0.4544,Declined
APP-00386,EU,EU_North,35-44,Self-employed,105644,0.173,9.5,0,0.406,0,0,0.307,9500,Group_B,0.9885,1,0.6435,Approved
APP-00387,US,US_South,55+,Full-time,88232,0.301,20.8,0,0.194,0,0,0.153,7800,Group_A,0.9837,1,0.649,Approved
APP-00388,US,US_West,18-24,Part-time,16888,0.273,0.3,1,0.291,1,0,0.218,2100,Group_B,0.7466,1,0.3659,Declined
APP-00389,EU,EU_South,18-24,Full-time,32150,0.453,0,1,0.447,1,1.8,0.418,8000,Group_B,0.3274,0,0.1499,Declined
APP-00390,EU,EU_West,18-24,Full-time,18133,0.157,0,0,0.429,0,0,0.364,4100,Group_B,0.3888,1,0.207,Declined
APP-00391,EU,EU_South,25-34,Full-time,71656,0.45,4.3,0,0.3,1,3.1,0.645,14000,Group_A,0.9045,1,0.4509,Declined
APP-00392,US,US_East,35-44,Full-time,244084,0.253,7.9,1,0.502,1,7.8,0.307,30000,Group_A,0.99,1,0.7269,Approved
APP-00393,US,US_South,35-44,Part-time,81179,0.547,9.1,2,0.584,0,0,0.366,13800,Group_A,0.6176,1,0.3245,Declined
APP-00394,EU,EU_South,18-24,Self-employed,124820,0.569,2.1,2,0.478,1,1.8,0.349,21600,Group_A,0.5175,0,0.3231,Declined
APP-00395,US,US_South,55+,Unemployed,44770,0.394,20.2,1,0.387,1,8.7,0.468,3500,Group_C,0.7006,1,0.4098,Declined
APP-00396,EU,EU_South,45-54,Full-time,152042,0.198,15.4,1,0.3,0,0,0.684,30000,Group_A,0.99,1,0.6612,Approved
APP-00397,EU,EU_South,25-34,Full-time,181269,0.292,1.3,1,0.477,0,0,0.295,20000,Group_A,0.983,1,0.6117,Approved
APP-00398,US,US_West,18-24,Full-time,60457,0.242,6,0,0.282,0,0,0.166,14000,Group_A,0.9616,1,0.5664,Manual Review
APP-00399,EU,EU_Central,25-34,Full-time,57442,0.304,6.7,0,0.384,0,0,0.404,13000,Group_B,0.8756,0,0.5443,Manual Review
APP-00400,EU,EU_Central,25-34,Student,43242,0.575,5.3,3,0.436,1,8.2,0.578,9300,Group_B,0.2164,0,0.0709,Declined
APP-00401,US,US_West,25-34,Self-employed,130961,0.454,10.7,0,0.436,0,0,0.616,25300,Group_A,0.97,1,0.5795,Manual Review
APP-00402,EU,EU_Central,35-44,Student,31621,0.177,8.8,0,0.446,1,6.5,0.321,6600,Group_A,0.9194,1,0.5447,Manual Review
APP-00403,US,US_Midwest,25-34,Full-time,53890,0.436,10.7,2,0.622,1,6.9,0.185,14100,Group_A,0.8893,1,0.472,Declined
APP-00404,EU,EU_North,25-34,Student,34509,0.099,4.4,1,0.327,1,4,0.469,5100,Group_A,0.7493,1,0.5258,Manual Review
APP-00405,US,US_West,55+,Full-time,100412,0.2,19.3,1,0.84,0,0,0.32,13300,Group_B,0.9708,1,0.5866,Approved
APP-00406,EU,EU_West,35-44,Student,47102,0.47,6,1,0.464,1,5.4,0.494,7000,Group_B,0.729,1,0.412,Declined
APP-00407,US,US_East,55+,Full-time,43417,0.083,21,0,0.257,1,6.3,0.532,8000,Group_A,0.9676,1,0.6407,Approved
APP-00408,US,US_East,25-34,Full-time,176244,0.267,7.3,0,0.162,0,0,0.347,30000,Group_A,0.99,1,0.5699,Manual Review
APP-00409,EU,EU_North,25-34,Full-time,52150,0.416,5.2,4,0.379,0,0,0.361,10300,Group_C,0.3594,1,0.1202,Declined
APP-00410,US,US_West,35-44,Unemployed,31348,0.596,12.6,0,0.578,1,5.9,0.647,6300,Group_A,0.5517,1,0.2449,Declined
APP-00411,US,US_West,18-24,Full-time,28484,0.297,0.5,1,0.734,0,0,0.319,3100,Group_B,0.4593,1,0.1181,Declined
APP-00412,EU,EU_Central,18-24,Full-time,171813,0.259,1.4,2,0.405,0,0,0.46,21400,Group_A,0.9714,1,0.5689,Manual Review
APP-00413,EU,EU_North,35-44,Student,43760,0.652,9.8,0,0.474,1,6.6,0.544,5800,Group_A,0.8733,1,0.3862,Declined
APP-00414,EU,EU_North,35-44,Full-time,61545,0.103,12.8,1,0.316,0,0,0.266,10800,Group_A,0.9261,1,0.5084,Manual Review
APP-00415,EU,EU_West,25-34,Full-time,109992,0.271,5.1,1,0.788,0,0,0.486,14000,Group_A,0.8694,1,0.4838,Manual Review
APP-00416,US,US_East,35-44,Full-time,119083,0.168,12,0,0.534,1,7.6,0.418,19000,Group_C,0.99,1,0.6853,Approved
APP-00417,US,US_South,25-34,Full-time,68523,0.312,9.2,0,0.583,1,7.8,0.367,11600,Group_A,0.9477,1,0.4679,Declined
APP-00418,US,US_Midwest,18-24,Student,32379,0.762,0,3,0.518,0,0,0.439,6000,Group_A,0.1192,1,0,Declined
APP-00419,EU,EU_South,25-34,Part-time,32201,0.245,9,1,0.632,1,7.9,0.544,5800,Group_A,0.5509,1,0.2523,Declined
APP-00420,EU,EU_West,25-34,Full-time,59730,0.344,11,0,0.241,1,7.8,0.217,10900,Group_A,0.9588,1,0.5468,Manual Review
APP-00421,EU,EU_South,18-24,Unemployed,12000,0.459,3.1,1,0.72,0,0,0.323,2500,Group_A,0.2809,0,0.0007,Declined
APP-00422,EU,EU_West,55+,Full-time,45420,0.134,22.3,0,0.268,1,5.2,0.276,9500,Group_A,0.9739,1,0.5807,Approved
APP-00423,US,US_East,35-44,Full-time,170632,0.622,11.1,0,0.503,0,0,0.695,18100,Group_B,0.9869,1,0.5649,Manual Review
APP-00424,US,US_East,45-54,Full-time,200424,0.312,15.4,0,0.309,1,9.6,0.575,30000,Group_A,0.99,1,0.6929,Approved
APP-00425,US,US_East,25-34,Full-time,76804,0.168,6.9,0,0.483,0,0,0.51,9500,Group_A,0.8962,1,0.5313,Manual Review
APP-00426,US,US_West,25-34,Full-time,147079,0.242,2.6,0,0.479,1,4.4,0.272,24800,Group_C,0.99,1,0.5866,Approved
APP-00427,US,US_East,25-34,Unemployed,27149,0.226,6.8,1,0.505,0,0,0.403,6000,Group_A,0.6925,1,0.3374,Declined
APP-00428,EU,EU_Central,18-24,Part-time,26719,0.463,2.6,1,0.266,0,0,0.653,2100,Group_C,0.3957,0,0.1416,Declined
APP-00429,US,US_West,25-34,Full-time,76484,0.356,7.6,2,0.284,0,0,0.273,19300,Group_A,0.8735,1,0.4882,Manual Review
APP-00430,US,US_East,45-54,Self-employed,77139,0.35,17.3,1,0.466,1,8.9,0.409,5000,Group_C,0.9782,1,0.5319,Manual Review
APP-00431,US,US_East,35-44,Part-time,42990,0.401,7.1,0,0.495,0,0,0.243,3100,Group_B,0.6677,1,0.4035,Declined
APP-00432,EU,EU_South,35-44,Unemployed,49518,0.59,7.6,1,0.576,1,5,0.677,13600,Group_B,0.5016,1,0.1637,Declined
APP-00433,EU,EU_West,35-44,Student,39188,0.635,14.2,1,0.33,1,7.6,0.381,5700,Group_C,0.6544,1,0.3121,Declined
APP-00434,US,US_South,55+,Full-time,113562,0.427,20.7,1,0.257,0,0,0.334,9300,Group_A,0.9654,1,0.6445,Approved
APP-00435,US,US_South,18-24,Part-time,47419,0.129,1.9,0,0.385,0,0,0.613,10800,Group_C,0.7171,1,0.3741,Declined
APP-00436,EU,EU_West,25-34,Full-time,88795,0.068,6.4,0,0.822,1,5.3,0.503,15200,Group_A,0.911,1,0.5388,Manual Review
APP-00437,US,US_West,25-34,Full-time,48184,0.235,4.7,0,0.209,0,0,0.206,2900,Group_A,0.9101,1,0.5785,Manual Review
APP-00438,EU,EU_West,45-54,Full-time,52091,0.332,19.6,1,0.211,0,0,0.355,10200,Group_A,0.8955,1,0.5715,Manual Review
APP-00439,EU,EU_South,55+,Full-time,88118,0.32,19.8,0,0.378,0,0,0.121,12000,Group_A,0.9577,1,0.5453,Manual Review
APP-00440,US,US_West,25-34,Full-time,69033,0.264,4,1,0.656,0,0,0.123,8500,Group_A,0.8783,1,0.412,Declined
APP-00441,US,US_West,45-54,Full-time,83470,0.217,12.8,1,0.588,0,0,0.336,18200,Group_B,0.9583,1,0.545,Manual Review
APP-00442,EU,EU_West,45-54,Full-time,95065,0.233,11.6,0,0.372,1,8.8,0.334,15000,Group_A,0.978,1,0.6081,Approved
APP-00443,US,US_Midwest,25-34,Part-time,125131,0.394,2.9,2,0.603,0,0,0.537,18700,Group_B,0.8649,1,0.5179,Manual Review
APP-00444,US,US_West,25-34,Full-time,34344,0.225,2.2,0,0.214,1,1.6,0.414,8800,Group_B,0.7419,1,0.3683,Declined
APP-00445,EU,EU_West,25-34,Self-employed,27805,0.034,7.9,0,0.594,0,0,0.172,7400,Group_A,0.8147,0,0.4241,Declined
APP-00446,EU,EU_South,55+,Full-time,95708,0.08,19.5,0,0.247,0,0,0.365,7300,Group_A,0.99,1,0.6398,Approved
APP-00447,EU,EU_South,25-34,Unemployed,24631,0.491,8.5,1,0.516,0,0,0.458,7200,Group_A,0.5161,0,0.2213,Declined
APP-00448,EU,EU_Central,45-54,Full-time,110390,0.178,19.1,1,0.391,1,7.1,0.308,13500,Group_A,0.9886,1,0.6889,Approved
APP-00449,US,US_East,25-34,Full-time,96969,0.176,8.2,0,0.443,1,6.2,0.483,14100,Group_A,0.9624,1,0.5674,Manual Review
APP-00450,US,US_South,45-54,Full-time,170654,0.525,15.5,3,0.313,0,0,0.382,30000,Group_A,0.9869,1,0.6202,Approved
APP-00451,EU,EU_South,25-34,Part-time,23692,0.4,6.8,1,0.929,0,0,0.474,3200,Group_A,0.4261,0,0.1887,Declined
APP-00452,EU,EU_West,35-44,Unemployed,25660,0.26,6.6,1,0.264,0,0,0.653,3200,Group_C,0.5309,1,0.3414,Declined
APP-00453,US,US_Midwest,45-54,Full-time,97330,0.113,13.5,1,0.633,0,0,0.158,16200,Group_B,0.9857,1,0.585,Approved
APP-00454,EU,EU_North,45-54,Full-time,135436,0.336,14.1,2,0.555,1,4.3,0.485,19700,Group_A,0.99,1,0.644,Approved
APP-00455,US,US_South,45-54,Student,93626,0.29,15.3,2,0.351,0,0,0.654,7000,Group_B,0.9176,1,0.623,Approved
APP-00456,US,US_East,18-24,Full-time,78431,0.044,8.2,0,0.105,1,5.2,0.105,19300,Group_A,0.9781,1,0.6032,Approved
APP-00457,US,US_Midwest,35-44,Self-employed,80333,0.277,12.1,1,0.35,0,0,0.413,13700,Group_A,0.9395,1,0.5281,Manual Review
APP-00458,US,US_West,25-34,Full-time,41860,0.262,0,0,0.183,1,0.1,0.34,7400,Group_B,0.728,1,0.476,Declined
APP-00459,US,US_South,25-34,Full-time,57842,0.43,5.7,0,0.365,0,0,0.454,8800,Group_A,0.907,1,0.5311,Manual Review
APP-00460,US,US_West,35-44,Full-time,69130,0.307,11.3,2,0.312,0,0,0.464,7100,Group_A,0.7838,1,0.4475,Declined
APP-00461,US,US_South,25-34,Full-time,93458,0.286,5.7,0,0.182,1,4.2,0.302,20800,Group_C,0.9638,1,0.5972,Approved
APP-00462,EU,EU_Central,35-44,Self-employed,86348,0.134,8.4,1,0.231,1,4.2,0.388,11800,Group_C,0.9287,1,0.5182,Manual Review
APP-00463,EU,EU_West,55+,Unemployed,14898,0.738,19.3,1,0.878,1,9.6,0.601,3400,Group_B,0.382,1,0.1794,Declined
APP-00464,EU,EU_Central,25-34,Full-time,51360,0.48,1.6,1,0.336,1,0,0.203,12900,Group_B,0.7146,1,0.2797,Declined
APP-00465,EU,EU_Central,35-44,Part-time,70296,0.813,6.7,3,0.486,1,5.9,0.854,12200,Group_B,0.3897,0,0.1861,Declined
APP-00466,US,US_West,25-34,Full-time,87347,0.399,7.9,0,0.232,1,11.2,0.424,12100,Group_A,0.9639,1,0.5304,Manual Review
APP-00467,US,US_West,25-34,Full-time,96307,0.22,4.3,0,0.487,0,0,0.182,7700,Group_A,0.9507,1,0.4772,Declined
APP-00468,EU,EU_North,25-34,Full-time,88585,0.142,7.7,0,0.303,0,0,0.074,10500,Group_A,0.9602,1,0.4973,Manual Review
APP-00469,US,US_West,55+,Student,74494,0.468,18,1,0.459,1,9.9,0.617,11400,Group_A,0.8925,0,0.4941,Manual Review
APP-00470,EU,EU_West,45-54,Part-time,66669,0.49,19.9,2,0.48,1,9.8,0.617,10200,Group_A,0.7078,1,0.4297,Declined
APP-00471,US,US_East,55+,Self-employed,63247,0.072,19.3,0,0.293,1,11.2,0.459,11300,Group_A,0.99,1,0.5682,Manual Review
APP-00472,EU,EU_West,55+,Part-time,31893,0.333,19.5,3,0.712,0,0,0.448,6300,Group_C,0.5378,1,0.2225,Declined
APP-00473,US,US_West,25-34,Self-employed,71094,0.09,6.2,1,0.229,1,5.4,0.309,9700,Group_C,0.9784,1,0.554,Manual Review
APP-00474,EU,EU_West,25-34,Unemployed,12000,0.46,3.1,1,0.657,1,1.3,0.373,3300,Group_B,0.2191,0,0.0657,Declined
APP-00475,US,US_South,35-44,Self-employed,75853,0.472,11.3,1,0.314,1,7.9,0.475,18500,Group_A,0.7123,1,0.4405,Declined
APP-00476,EU,EU_South,35-44,Student,33387,0.523,11.3,0,0.608,0,0,0.308,6000,Group_C,0.5588,0,0.2739,Declined
APP-00477,US,US_East,25-34,Full-time,40352,0.02,8.6,1,0.064,1,4.5,0.203,11500,Group_A,0.9444,1,0.6016,Approved
APP-00478,EU,EU_South,25-34,Full-time,41153,0.357,6,1,0.337,1,4.7,0.66,7800,Group_B,0.7482,0,0.4179,Declined
APP-00479,EU,EU_South,35-44,Full-time,129937,0.057,10.6,0,0.4,1,10.9,0.158,8900,Group_A,0.99,1,0.6164,Approved
APP-00480,US,US_South,35-44,Full-time,83923,0.166,8.5,0,0.315,1,8.5,0.217,20200,Group_B,0.98,1,0.6208,Approved
APP-00481,EU,EU_West,25-34,Self-employed,71270,0.354,11.7,2,0.883,1,9.4,0.475,6700,Group_A,0.7457,1,0.3272,Declined
APP-00482,EU,EU_West,35-44,Full-time,96695,0.226,12.1,0,0.425,0,0,0.198,24000,Group_C,0.9566,1,0.5974,Approved
APP-00483,US,US_South,35-44,Self-employed,80192,0.148,8,1,0.337,1,4.2,0.501,16800,Group_C,0.9174,1,0.4916,Manual Review
APP-00484,EU,EU_Central,35-44,Full-time,157904,0.265,11.2,0,0.467,1,7.7,0.276,25300,Group_A,0.99,1,0.6341,Approved
APP-00485,EU,EU_South,25-34,Full-time,78822,0.276,5.8,1,0.427,0,0,0.694,11300,Group_A,0.9066,1,0.5526,Manual Review
APP-00486,EU,EU_South,45-54,Full-time,46368,0.085,14.7,1,0.242,0,0,0.744,3100,Group_C,0.8772,1,0.5381,Manual Review
APP-00487,US,US_East,18-24,Unemployed,41573,0.445,0,4,0.386,0,0,0.57,2600,Group_A,0.1903,1,0.0276,Declined
APP-00488,US,US_Midwest,25-34,Full-time,82212,0.288,4.6,0,0.539,1,1.2,0.396,18800,Group_C,0.9429,1,0.5284,Manual Review
APP-00489,EU,EU_West,45-54,Full-time,61559,0.477,17.8,0,0.535,1,8,0.589,6300,Group_B,0.8892,1,0.5287,Manual Review
APP-00490,EU,EU_West,35-44,Self-employed,46885,0.514,12.3,1,0.287,0,0,0.803,7800,Group_A,0.712,0,0.4697,Declined
APP-00491,US,US_South,25-34,Self-employed,81356,0.276,1,2,0.445,1,0.4,0.282,19800,Group_A,0.8078,1,0.4519,Declined
APP-00492,EU,EU_West,35-44,Full-time,85625,0.354,13.7,0,0.331,1,12.9,0.344,11000,Group_A,0.9572,1,0.5507,Manual Review
APP-00493,US,US_West,35-44,Full-time,153614,0.288,11.2,0,0.414,1,7,0.456,28000,Group_B,0.9854,1,0.6165,Approved
APP-00494,US,US_South,45-54,Full-time,81952,0.21,15.2,2,0.345,1,6.8,0.184,13200,Group_A,0.9723,1,0.544,Manual Review
APP-00495,US,US_East,45-54,Unemployed,25705,0.554,17.6,1,0.275,1,8.4,0.612,1500,Group_A,0.5983,1,0.2727,Declined
APP-00496,US,US_South,35-44,Full-time,135072,0.413,9.1,0,0.575,0,0,0.442,26300,Group_A,0.9889,1,0.484,Manual Review
APP-00497,EU,EU_Central,35-44,Full-time,114715,0.341,7.8,0,0.674,1,4.9,0.524,20300,Group_B,0.9874,1,0.5427,Manual Review
APP-00498,US,US_Midwest,25-34,Full-time,75079,0.453,8.8,1,0.76,1,5.8,0.447,6500,Group_C,0.8675,0,0.3895,Declined
APP-00499,EU,EU_West,25-34,Full-time,94350,0.272,4.9,0,0.233,0,0,0.333,12800,Group_C,0.9735,1,0.5756,Manual Review
APP-00500,EU,EU_West,25-34,Part-time,45898,0.183,2.4,0,0.28,1,1.8,0.369,12700,Group_A,0.7201,0,0.375,Declined
APP-00501,EU,EU_North,35-44,Full-time,84042,0.313,8.7,0,0.274,0,0,0.174,3300,Group_B,0.897,1,0.4847,Manual Review
APP-00502,US,US_West,35-44,Full-time,127782,0.269,8.6,1,0.278,1,7.1,0.141,16500,Group_B,0.9841,1,0.5184,Manual Review
APP-00503,US,US_West,25-34,Full-time,82799,0.387,6.9,1,0.415,1,8.3,0.253,16800,Group_B,0.8279,1,0.443,Declined
APP-00504,EU,EU_Central,18-24,Full-time,44123,0.187,1.5,0,0.34,1,2.5,0.479,7000,Group_C,0.8689,1,0.3976,Declined
APP-00505,EU,EU_West,35-44,Full-time,165880,0.303,10.1,0,0.692,1,7.1,0.129,30000,Group_A,0.99,1,0.6366,Approved
APP-00506,US,US_South,25-34,Part-time,16106,0.325,8.8,0,0.271,1,6.2,0.222,1500,Group_A,0.8077,1,0.4416,Declined
APP-00507,EU,EU_West,45-54,Part-time,140888,0.444,15.3,0,0.683,1,4.5,0.443,20300,Group_C,0.9796,1,0.5807,Approved
APP-00508,EU,EU_South,18-24,Student,12000,0.329,0.8,0,0.501,0,0,0.676,3600,Group_A,0.46,0,0.2491,Declined
APP-00509,EU,EU_Central,35-44,Student,24803,0.151,11.3,3,0.647,0,0,0.19,700,Group_B,0.5554,1,0.2724,Declined
APP-00510,EU,EU_West,55+,Self-employed,68948,0.281,20.4,1,0.429,1,4.8,0.214,9800,Group_C,0.9529,1,0.5873,Approved
APP-00511,EU,EU_West,25-34,Full-time,69807,0.167,6.5,2,0.28,1,5.8,0.353,15400,Group_A,0.788,1,0.4774,Declined
APP-00512,US,US_Midwest,35-44,Part-time,82957,0.77,10.4,0,0.308,0,0,0.419,17000,Group_C,0.8104,1,0.4165,Declined
APP-00513,EU,EU_South,18-24,Part-time,19843,0.558,0.1,1,0.352,0,0,0.387,500,Group_A,0.1,0,0,Declined
APP-00514,EU,EU_South,35-44,Part-time,63547,0.294,9.8,0,0.254,0,0,0.329,7300,Group_A,0.9541,1,0.5543,Manual Review
APP-00515,US,US_West,35-44,Full-time,58316,0.381,8.8,0,0.328,1,10.6,0.657,9200,Group_B,0.9338,1,0.4659,Declined
APP-00516,US,US_West,25-34,Full-time,79477,0.121,5.1,0,0.322,0,0,0.084,14800,Group_C,0.9751,1,0.6424,Approved
APP-00517,US,US_South,35-44,Part-time,54888,0.26,13.8,0,0.539,0,0,0.682,7600,Group_A,0.7727,1,0.4476,Declined
APP-00518,EU,EU_Central,55+,Part-time,53801,0.314,21.5,1,0.589,0,0,0.397,6000,Group_A,0.9096,1,0.5172,Manual Review
APP-00519,EU,EU_North,25-34,Unemployed,19092,0.868,6.2,2,0.617,0,0,0.554,800,Group_B,0.0453,0,0,Declined
APP-00520,US,US_South,18-24,Full-time,33988,0.146,0.3,1,0.154,0,0,0.454,7000,Group_B,0.7416,1,0.354,Declined
APP-00521,EU,EU_North,45-54,Full-time,91326,0.463,16.1,0,0.482,0,0,0.408,20400,Group_B,0.9167,1,0.5992,Approved
APP-00522,US,US_West,35-44,Full-time,138017,0.348,11.9,1,0.417,0,0,0.357,27200,Group_A,0.9772,1,0.6307,Approved
APP-00523,EU,EU_West,55+,Part-time,39419,0.215,21,0,0.416,0,0,0.376,9200,Group_A,0.8478,1,0.5555,Manual Review
APP-00524,EU,EU_North,35-44,Full-time,61054,0.475,11,1,0.75,1,7.4,0.608,17500,Group_A,0.7678,1,0.3803,Declined
APP-00525,EU,EU_North,45-54,Full-time,105765,0.422,11.7,1,0.251,0,0,0.613,12400,Group_B,0.8491,0,0.5128,Manual Review
APP-00526,US,US_East,25-34,Unemployed,28753,0.524,7.6,2,0.452,1,5.9,0.567,4400,Group_A,0.5946,1,0.2557,Declined
APP-00527,US,US_West,45-54,Full-time,139145,0.307,15.9,1,0.2,1,10.5,0.289,9400,Group_A,0.99,1,0.681,Approved
APP-00528,US,US_South,55+,Part-time,32036,0.446,18.9,1,0.37,0,0,0.607,7600,Group_C,0.7412,1,0.4286,Declined
APP-00529,US,US_Midwest,35-44,Full-time,40526,0.147,13.4,1,0.149,0,0,0.172,3000,Group_A,0.9504,1,0.5403,Manual Review
APP-00530,EU,EU_South,25-34,Part-time,34279,0.498,2.7,0,0.54,1,4.8,0.592,4700,Group_C,0.3236,1,0.0975,Declined
APP-00531,EU,EU_Central,25-34,Full-time,44264,0.502,3.4,0,0.661,1,4.9,0.506,5400,Group_B,0.5434,1,0.2375,Declined
APP-00532,EU,EU_West,25-34,Student,26224,0.337,6.6,3,0.456,0,0,0.418,1800,Group_B,0.3832,0,0.1456,Declined
APP-00533,EU,EU_South,25-34,Student,24341,0.489,7.2,1,0.255,0,0,0.611,2600,Group_A,0.4693,1,0.2805,Declined
APP-00534,EU,EU_South,25-34,Full-time,104074,0.174,6.4,1,0.303,0,0,0.333,9100,Group_A,0.9326,1,0.5901,Approved
APP-00535,EU,EU_North,35-44,Full-time,66447,0.326,9.4,1,0.302,1,12.1,0.262,16400,Group_B,0.9549,1,0.5714,Manual Review
APP-00536,EU,EU_West,35-44,Full-time,80947,0.195,9.2,1,0.121,1,9.2,0.268,7500,Group_B,0.9747,1,0.5963,Approved
APP-00537,EU,EU_West,25-34,Self-employed,61251,0.242,1,4,0.719,0,0,0.449,8900,Group_B,0.3886,0,0.1148,Declined
APP-00538,US,US_South,35-44,Student,42842,0.301,10.2,0,0.723,0,0,0.4,3900,Group_A,0.7879,0,0.4379,Declined
APP-00539,US,US_West,18-24,Full-time,42295,0.318,3.9,2,0.245,0,0,0.434,6500,Group_B,0.5093,1,0.1724,Declined
APP-00540,US,US_South,18-24,Self-employed,49123,0.228,0,1,0.499,1,0,0.323,9700,Group_B,0.6731,0,0.341,Declined
APP-00541,EU,EU_South,25-34,Full-time,43684,0.383,3.6,0,0.418,1,0.8,0.488,3500,Group_B,0.4953,0,0.2108,Declined
APP-00542,EU,EU_South,35-44,Part-time,88903,0.255,7.6,2,0.359,1,10.9,0.833,19300,Group_B,0.826,1,0.4371,Declined
APP-00543,US,US_South,25-34,Unemployed,21984,0.51,4.1,1,0.959,0,0,0.432,3600,Group_B,0.1427,1,0,Declined
APP-00544,EU,EU_South,25-34,Full-time,34634,0.408,3,0,0.545,1,3.4,0.553,11600,Group_B,0.7549,1,0.3617,Declined
APP-00545,EU,EU_North,25-34,Full-time,81148,0.181,7.6,1,0.228,0,0,0.192,7400,Group_A,0.9585,1,0.5646,Manual Review
APP-00546,US,US_Midwest,45-54,Full-time,65285,0.444,16.4,0,0.431,1,6.6,0.309,12400,Group_A,0.9255,1,0.5632,Manual Review
APP-00547,US,US_South,18-24,Full-time,68824,0.249,4.2,2,0.327,0,0,0.326,19400,Group_A,0.6977,1,0.3728,Declined
APP-00548,EU,EU_North,35-44,Full-time,243965,0.25,8.7,1,0.492,1,6.4,0.327,30000,Group_A,0.99,1,0.6673,Approved
APP-00549,US,US_West,35-44,Full-time,63354,0.361,10.3,0,0.356,0,0,0.19,11800,Group_A,0.9025,1,0.4551,Declined
APP-00550,EU,EU_West,45-54,Full-time,111203,0.315,15.5,2,0.566,1,8.4,0.534,21300,Group_A,0.9651,1,0.5185,Manual Review
APP-00551,US,US_South,55+,Full-time,37403,0.258,22,1,0.43,0,0,0.202,7200,Group_A,0.9553,1,0.5705,Manual Review
APP-00552,EU,EU_West,18-24,Full-time,62578,0.048,0.8,0,0.049,0,0,0.351,13900,Group_A,0.9298,1,0.574,Manual Review
APP-00553,EU,EU_South,25-34,Self-employed,38301,0.411,6.3,1,0.267,0,0,0.299,2600,Group_B,0.6391,0,0.3192,Declined
APP-00554,EU,EU_North,45-54,Full-time,67466,0.038,17.6,0,0.189,1,10.8,0.131,11400,Group_C,0.99,1,0.6699,Approved
APP-00555,EU,EU_North,35-44,Part-time,34428,0.215,8.8,1,0.346,0,0,0.223,8700,Group_A,0.6919,1,0.3216,Declined
APP-00556,US,US_Midwest,35-44,Self-employed,106933,0.146,8.9,0,0.197,0,0,0.329,4100,Group_C,0.9809,1,0.6296,Approved
APP-00557,US,US_East,35-44,Full-time,142023,0.309,9.8,2,0.24,0,0,0.207,16400,Group_A,0.9256,0,0.5418,Manual Review
APP-00558,US,US_Midwest,35-44,Full-time,91215,0.175,16.8,0,0.505,0,0,0.344,11400,Group_A,0.9752,1,0.562,Manual Review
APP-00559,EU,EU_South,55+,Part-time,34969,0.372,20.1,1,0.606,0,0,0.475,7000,Group_A,0.8315,1,0.4267,Declined
APP-00560,EU,EU_Central,55+,Unemployed,65940,0.249,24.7,0,0.351,0,0,0.36,13100,Group_A,0.9716,1,0.6085,Approved
APP-00561,EU,EU_West,45-54,Full-time,57253,0.217,11,0,0.322,0,0,0.245,10500,Group_B,0.9742,1,0.5833,Approved
APP-00562,US,US_South,25-34,Full-time,23620,0.164,2.1,0,0.305,0,0,0.549,5800,Group_B,0.8254,1,0.4512,Declined
APP-00563,US,US_Midwest,45-54,Full-time,117691,0.54,14.5,1,0.806,1,6.6,0.395,17000,Group_A,0.9604,1,0.5218,Manual Review
APP-00564,US,US_South,18-24,Full-time,31032,0.122,0.6,0,0.176,0,0,0.266,5900,Group_A,0.8261,1,0.4769,Declined
APP-00565,US,US_West,25-34,Full-time,116340,0.135,5.9,2,0.787,1,8.5,0.287,15500,Group_A,0.9324,1,0.5896,Approved
APP-00566,EU,EU_North,55+,Full-time,69423,0.457,19.4,2,0.347,0,0,0.356,12500,Group_A,0.9199,0,0.5273,Manual Review
APP-00567,US,US_South,25-34,Self-employed,89331,0.34,4.7,0,0.376,1,5.6,0.338,8900,Group_A,0.9459,1,0.5379,Manual Review
APP-00568,US,US_South,25-34,Full-time,140095,0.307,9,0,0.353,0,0,0.484,11900,Group_A,0.9802,1,0.5835,Approved
APP-00569,EU,EU_North,25-34,Full-time,36272,0.213,7,1,0.229,1,8.9,0.545,1800,Group_B,0.7652,1,0.4072,Declined
APP-00570,US,US_West,45-54,Full-time,69278,0.33,17.1,5,0.19,0,0,0.184,13200,Group_C,0.7648,0,0.4915,Manual Review
APP-00571,US,US_West,35-44,Full-time,87239,0.171,12.2,0,0.271,0,0,0.323,18000,Group_A,0.9885,1,0.6575,Approved
APP-00572,EU,EU_North,35-44,Full-time,168276,0.324,10.2,1,0.409,0,0,0.588,23200,Group_C,0.9878,1,0.6141,Approved
APP-00573,US,US_West,25-34,Full-time,55444,0.376,5.4,0,0.692,0,0,0.902,3800,Group_A,0.6939,0,0.3652,Declined
APP-00574,EU,EU_West,45-54,Student,31860,0.328,13.9,3,0.376,0,0,0.622,6100,Group_A,0.5546,1,0.3262,Declined
APP-00575,EU,EU_Central,45-54,Full-time,118742,0.506,16.8,1,0.474,0,0,0.425,11900,Group_A,0.9718,1,0.5604,Manual Review
APP-00576,EU,EU_West,25-34,Self-employed,44005,0.461,1.7,0,0.408,1,1.8,0.567,11000,Group_B,0.6812,1,0.28,Declined
APP-00577,US,US_Midwest,25-34,Student,32407,0.352,3.3,2,0.603,0,0,0.656,8700,Group_C,0.2817,1,0.1178,Declined
APP-00578,EU,EU_West,25-34,Full-time,31088,0.698,6.8,2,0.502,0,0,0.236,5800,Group_B,0.2582,0,0.0977,Declined
APP-00579,US,US_West,55+,Full-time,223225,0.037,25.2,0,0.436,1,9.6,0.205,14900,Group_A,0.99,1,0.7768,Approved
APP-00580,US,US_East,35-44,Full-time,41248,0.207,9.7,0,0.266,1,6.6,0.136,9900,Group_B,0.9238,1,0.513,Manual Review
APP-00581,US,US_West,55+,Student,31001,0.436,23.4,0,0.461,0,0,0.593,11000,Group_A,0.9415,1,0.6,Approved
APP-00582,EU,EU_South,25-34,Unemployed,26837,0.461,5,1,0.705,1,8.4,0.366,6600,Group_C,0.4032,1,0.1589,Declined
APP-00583,US,US_South,45-54,Part-time,141774,0.074,13.1,0,0.288,0,0,0.58,13300,Group_A,0.99,1,0.6112,Approved
APP-00584,US,US_East,45-54,Full-time,52752,0.212,17.3,0,0.144,0,0,0.209,11600,Group_A,0.9805,1,0.5385,Manual Review
APP-00585,EU,EU_North,35-44,Self-employed,168641,0.467,10.1,0,0.504,0,0,0.696,25900,Group_B,0.9724,1,0.5873,Approved
APP-00586,US,US_West,55+,Full-time,97109,0.315,19,1,0.354,0,0,0.529,11500,Group_B,0.9789,1,0.6124,Approved
APP-00587,US,US_South,25-34,Full-time,89958,0.463,6,1,0.428,0,0,0.463,19500,Group_A,0.8523,1,0.4521,Declined
APP-00588,US,US_South,25-34,Full-time,40123,0.227,6.4,1,0.422,0,0,0.695,8000,Group_B,0.7695,1,0.4887,Manual Review
APP-00589,US,US_Midwest,35-44,Full-time,116713,0.522,8.8,2,0.726,0,0,0.229,15800,Group_A,0.7963,1,0.4398,Declined
APP-00590,US,US_Midwest,45-54,Part-time,36282,0.353,12.1,3,0.301,1,8.3,0.707,3800,Group_B,0.475,1,0.207,Declined
APP-00591,US,US_South,35-44,Full-time,133764,0.447,6.6,0,0.454,1,4.3,0.31,20400,Group_B,0.927,1,0.4533,Declined
APP-00592,EU,EU_West,25-34,Full-time,40368,0.221,4.5,0,0.452,1,3,0.336,6300,Group_B,0.8124,1,0.4413,Declined
APP-00593,US,US_West,35-44,Full-time,71891,0.721,6.4,0,0.707,1,7.9,0.48,8200,Group_B,0.6844,0,0.359,Declined
APP-00594,US,US_South,25-34,Student,25251,0.28,5,2,0.277,1,4.1,0.423,5100,Group_A,0.4292,0,0.2801,Declined
APP-00595,EU,EU_South,25-34,Part-time,29934,0.543,4.9,1,0.451,1,6.7,0.446,6200,Group_A,0.456,1,0.1823,Declined
APP-00596,US,US_Midwest,35-44,Full-time,105601,0.309,8.2,0,0.23,1,7.7,0.305,12600,Group_B,0.9813,0,0.6605,Approved
APP-00597,EU,EU_North,45-54,Full-time,121845,0.606,12.7,2,0.511,0,0,0.302,23500,Group_A,0.9301,1,0.4686,Declined
APP-00598,US,US_West,25-34,Full-time,128471,0.111,6.7,1,0.419,0,0,0.105,8700,Group_A,0.9866,1,0.5887,Approved
APP-00599,US,US_Midwest,25-34,Student,14553,0.468,9.2,2,0.302,0,0,0.546,4300,Group_A,0.4327,0,0.1531,Declined
APP-00600,US,US_Midwest,25-34,Self-employed,109898,0.647,6.8,1,0.643,0,0,0.825,8900,Group_A,0.8134,1,0.4548,Declined
APP-00601,US,US_West,25-34,Full-time,192958,0.33,7.7,2,0.549,0,0,0.326,14000,Group_B,0.9885,1,0.5597,Manual Review
APP-00602,US,US_South,45-54,Self-employed,71349,0.335,18.9,1,0.439,0,0,0.262,10600,Group_A,0.9366,0,0.5693,Manual Review
APP-00603,US,US_South,55+,Full-time,162053,0.274,20.5,2,0.153,1,6.9,0.293,29400,Group_B,0.99,1,0.6227,Approved
APP-00604,US,US_East,25-34,Part-time,41469,0.089,6.7,2,0.418,0,0,0.382,5800,Group_A,0.7794,1,0.4933,Manual Review
APP-00605,US,US_West,45-54,Full-time,51635,0.045,16,0,0.106,0,0,0.096,6200,Group_A,0.9477,1,0.5839,Approved
APP-00606,US,US_West,55+,Full-time,71822,0.399,22.7,2,0.489,0,0,0.449,8500,Group_A,0.9068,0,0.5474,Manual Review
APP-00607,US,US_Midwest,45-54,Full-time,153466,0.187,15.1,1,0.395,1,7.1,0.288,24900,Group_A,0.9858,1,0.5709,Manual Review
APP-00608,US,US_East,25-34,Full-time,51135,0.127,2.4,0,0.364,0,0,0.19,6000,Group_A,0.6979,1,0.3259,Declined
APP-00609,US,US_Midwest,55+,Student,22921,0.95,19.9,1,0.412,0,0,0.381,2000,Group_B,0.3292,1,0.0988,Declined
APP-00610,EU,EU_Central,25-34,Full-time,97391,0.07,4,0,0.332,1,0.6,0.319,7000,Group_A,0.9722,1,0.6163,Approved
APP-00611,US,US_West,25-34,Student,27207,0.354,2.2,0,0.528,1,6.5,0.475,2500,Group_B,0.5254,1,0.2641,Declined
APP-00612,EU,EU_Central,18-24,Part-time,41553,0.07,2.5,0,0.184,0,0,0.318,6200,Group_A,0.6367,1,0.4092,Declined
APP-00613,EU,EU_Central,35-44,Full-time,100456,0.072,10.8,0,0.49,1,8.3,0.415,9000,Group_A,0.99,1,0.5443,Manual Review
APP-00614,US,US_East,18-24,Full-time,53057,0.459,0,2,0.283,0,0,0.58,9400,Group_B,0.355,1,0.1687,Declined
APP-00615,EU,EU_West,25-34,Full-time,61382,0.218,6.9,1,0.423,1,8.7,0.213,14100,Group_A,0.9358,1,0.4953,Manual Review
APP-00616,EU,EU_Central,25-34,Part-time,51814,0.447,8.6,4,0.745,0,0,0.318,6600,Group_A,0.196,1,0.0065,Declined
APP-00617,US,US_South,45-54,Full-time,63084,0.486,13.5,1,0.445,1,2.4,0.54,9300,Group_A,0.816,0,0.4256,Declined
APP-00618,US,US_East,45-54,Full-time,170987,0.168,18.8,1,0.138,0,0,0.24,23900,Group_A,0.99,1,0.6873,Approved
APP-00619,EU,EU_West,25-34,Full-time,46974,0.131,0.9,0,0.512,0,0,0.293,9500,Group_B,0.7842,1,0.4393,Declined
APP-00620,EU,EU_West,45-54,Part-time,99634,0.335,20.7,2,0.431,0,0,0.769,9900,Group_A,0.935,1,0.6161,Approved
APP-00621,US,US_South,45-54,Full-time,72244,0.368,12.9,1,0.778,0,0,0.489,12900,Group_B,0.8645,0,0.484,Manual Review
APP-00622,US,US_East,45-54,Full-time,97876,0.335,15.3,0,0.28,0,0,0.217,11200,Group_C,0.9499,1,0.6121,Approved
APP-00623,US,US_Midwest,25-34,Full-time,59675,0.678,2.3,3,0.634,1,0.8,0.332,12300,Group_A,0.3759,1,0.1878,Declined
APP-00624,US,US_South,35-44,Full-time,53331,0.669,9.9,1,0.68,1,7.4,0.503,6000,Group_C,0.5093,0,0.2501,Declined
APP-00625,EU,EU_West,55+,Part-time,23531,0.355,21.5,2,0.222,0,0,0.533,6600,Group_A,0.593,1,0.3393,Declined
APP-00626,US,US_Midwest,35-44,Full-time,52395,0.2,9.8,0,0.26,0,0,0.182,3700,Group_C,0.8985,1,0.5465,Manual Review
APP-00627,US,US_West,25-34,Part-time,40351,0.209,5.3,2,0.215,1,5.5,0.522,3200,Group_A,0.7968,0,0.4996,Manual Review
APP-00628,EU,EU_Central,35-44,Self-employed,75979,0.577,6.7,0,0.724,1,6.9,0.654,6300,Group_B,0.5503,1,0.2278,Declined
APP-00629,US,US_West,35-44,Full-time,142220,0.129,13.5,0,0.363,0,0,0.428,24600,Group_A,0.99,1,0.6301,Approved
APP-00630,US,US_Midwest,35-44,Self-employed,67433,0.436,11.1,1,0.58,1,7.5,0.863,11600,Group_A,0.8334,1,0.5036,Manual Review
APP-00631,EU,EU_South,18-24,Full-time,28750,0.391,3.7,0,0.616,1,1.3,0.467,4500,Group_B,0.6556,1,0.2932,Declined
APP-00632,EU,EU_West,25-34,Full-time,32649,0.224,3.1,0,0.111,0,0,0.141,2700,Group_B,0.8655,1,0.5085,Manual Review
APP-00633,US,US_East,45-54,Self-employed,108511,0.328,15,4,0.773,0,0,0.328,8100,Group_A,0.7799,1,0.4824,Manual Review
APP-00634,US,US_West,45-54,Full-time,178436,0.218,17.8,0,0.242,0,0,0.29,30000,Group_A,0.99,1,0.6377,Approved
APP-00635,US,US_West,25-34,Self-employed,100877,0.277,0.7,1,0.578,1,3.6,0.314,9600,Group_B,0.8505,1,0.4422,Declined
APP-00636,US,US_South,55+,Full-time,95066,0.194,16.1,3,0.632,0,0,0.367,22700,Group_B,0.7879,0,0.5101,Manual Review
APP-00637,US,US_South,25-34,Student,40330,0.477,7.9,2,0.238,0,0,0.305,7300,Group_C,0.5042,0,0.2455,Declined
APP-00638,US,US_West,35-44,Self-employed,148270,0.288,6.2,1,0.631,1,4.4,0.35,12600,Group_B,0.984,1,0.4976,Manual Review
APP-00639,US,US_Midwest,45-54,Full-time,103776,0.178,11,1,0.31,0,0,0.126,20200,Group_C,0.9812,1,0.5787,Manual Review
APP-00640,US,US_Midwest,45-54,Full-time,107332,0.232,17.9,0,0.461,1,7.2,0.557,16600,Group_B,0.99,1,0.6519,Approved
APP-00641,US,US_South,55+,Part-time,44661,0.338,17.9,1,0.458,0,0,0.403,6900,Group_A,0.8098,0,0.5108,Manual Review
APP-00642,US,US_West,25-34,Part-time,25291,0.558,6.9,0,0.276,1,9.3,0.772,5700,Group_A,0.5771,1,0.2827,Declined
APP-00643,US,US_West,45-54,Full-time,58994,0.225,14,1,0.576,1,7.7,0.382,8300,Group_B,0.919,1,0.5376,Manual Review
APP-00644,US,US_West,25-34,Student,27058,0.42,0,0,0.736,1,0.4,0.409,4100,Group_B,0.2911,1,0.0632,Declined
APP-00645,US,US_Midwest,35-44,Full-time,92764,0.485,10.4,3,0.484,0,0,0.472,15500,Group_A,0.6907,1,0.4062,Declined
APP-00646,EU,EU_North,45-54,Full-time,227834,0.198,17,0,0.112,0,0,0.168,30000,Group_A,0.99,1,0.7888,Approved
APP-00647,EU,EU_North,35-44,Student,37992,0.248,10.8,0,0.348,1,11.6,0.287,5600,Group_C,0.674,0,0.4121,Declined
APP-00648,EU,EU_West,25-34,Student,55104,0.323,8.5,0,0.587,0,0,0.638,6200,Group_A,0.6815,1,0.3581,Declined
APP-00649,EU,EU_South,45-54,Self-employed,71883,0.385,15.1,0,0.709,1,4.3,0.629,6100,Group_A,0.9159,1,0.5274,Manual Review
APP-00650,US,US_East,25-34,Student,28176,0.261,8.1,0,0.359,1,11.6,0.316,7000,Group_A,0.8878,1,0.5188,Manual Review
APP-00651,US,US_East,18-24,Full-time,28053,0.243,1,0,0.221,1,1,0.212,6000,Group_A,0.7344,1,0.3859,Declined
APP-00652,US,US_West,45-54,Student,29810,0.509,12.9,3,0.622,0,0,0.764,6700,Group_A,0.1894,0,0.0779,Declined
APP-00653,EU,EU_West,35-44,Full-time,114416,0.317,8.1,0,0.6,1,9.4,0.231,14300,Group_A,0.9884,1,0.5857,Approved
APP-00654,EU,EU_South,45-54,Full-time,96081,0.02,12.8,0,0.628,1,9.5,0.36,7200,Group_A,0.972,0,0.6495,Approved
APP-00655,US,US_West,25-34,Full-time,95521,0.498,6.5,0,0.645,0,0,0.486,9800,Group_B,0.8622,1,0.4892,Manual Review
APP-00656,US,US_West,25-34,Full-time,80900,0.118,3.2,1,0.328,1,2.1,0.146,9500,Group_A,0.9669,1,0.5333,Manual Review
APP-00657,US,US_Midwest,45-54,Full-time,68481,0.205,14.4,0,0.21,0,0,0.289,12000,Group_B,0.9514,1,0.6389,Approved
APP-00658,US,US_East,35-44,Full-time,221504,0.292,9.4,0,0.197,1,6.4,0.376,30000,Group_C,0.99,1,0.7035,Approved
APP-00659,EU,EU_West,25-34,Full-time,71478,0.342,6.3,0,0.542,1,6.9,0.451,12300,Group_A,0.968,1,0.5203,Manual Review
APP-00660,EU,EU_Central,45-54,Full-time,135438,0.702,16.8,1,0.511,0,0,0.286,22300,Group_B,0.9757,1,0.5153,Manual Review
APP-00661,US,US_West,35-44,Full-time,75351,0.094,10,0,0.583,0,0,0.188,13100,Group_A,0.9754,1,0.5761,Manual Review
APP-00662,EU,EU_North,35-44,Full-time,115935,0.326,11.3,1,0.566,0,0,0.46,23700,Group_C,0.9504,1,0.6297,Approved
APP-00663,EU,EU_West,35-44,Full-time,137045,0.374,11.1,1,0.323,1,8.5,0.574,20900,Group_A,0.9887,1,0.4968,Manual Review
APP-00664,US,US_West,45-54,Part-time,55187,0.358,13.5,0,0.762,1,4.4,0.551,4700,Group_B,0.5284,1,0.1708,Declined
APP-00665,US,US_Midwest,45-54,Student,12094,0.699,18.9,1,0.733,0,0,0.301,3700,Group_B,0.3377,0,0.1536,Declined
APP-00666,US,US_Midwest,35-44,Part-time,56977,0.715,7.8,0,0.657,1,9.9,0.688,14300,Group_A,0.7511,1,0.3647,Declined
APP-00667,US,US_South,18-24,Full-time,88754,0.309,5.3,0,0.53,1,3.9,0.287,15000,Group_A,0.8665,1,0.5098,Manual Review
APP-00668,US,US_East,45-54,Part-time,63705,0.214,15.2,0,0.736,1,5,0.203,11400,Group_B,0.9296,1,0.5062,Manual Review
APP-00669,US,US_West,35-44,Full-time,92453,0.12,7.7,0,0.408,1,10,0.36,9900,Group_B,0.9833,1,0.5009,Manual Review
APP-00670,US,US_South,35-44,Full-time,41583,0.28,14.6,2,0.382,0,0,0.561,10700,Group_A,0.6811,1,0.3466,Declined
APP-00671,US,US_South,25-34,Full-time,45187,0.404,0.2,0,0.447,1,0.1,0.626,3300,Group_B,0.6701,0,0.3868,Declined
APP-00672,EU,EU_West,45-54,Part-time,72142,0.568,14.9,3,0.705,0,0,0.577,4700,Group_A,0.5825,1,0.2676,Declined
APP-00673,US,US_West,45-54,Full-time,96529,0.329,11.1,0,0.458,1,10.1,0.391,13500,Group_B,0.9788,1,0.556,Manual Review
APP-00674,US,US_East,18-24,Full-time,88125,0.215,3.4,2,0.433,0,0,0.293,8300,Group_A,0.8144,1,0.3443,Declined
APP-00675,US,US_East,25-34,Full-time,65200,0.305,3.1,1,0.216,0,0,0.606,11200,Group_C,0.697,1,0.3117,Declined
APP-00676,EU,EU_West,45-54,Student,49974,0.369,17,0,0.199,0,0,0.637,10500,Group_A,0.9148,1,0.5876,Approved
APP-00677,US,US_East,18-24,Self-employed,46925,0.224,2.1,1,0.294,0,0,0.461,10900,Group_A,0.7463,1,0.3864,Declined
APP-00678,US,US_South,55+,Full-time,52858,0.587,19.9,3,0.403,0,0,0.194,7000,Group_A,0.7662,1,0.4524,Declined
APP-00679,EU,EU_North,35-44,Full-time,32707,0.277,11.9,0,0.607,0,0,0.557,8500,Group_A,0.8204,0,0.4083,Declined
APP-00680,EU,EU_West,35-44,Full-time,109580,0.053,10.4,0,0.186,1,7.6,0.077,26400,Group_A,0.99,1,0.5771,Manual Review
APP-00681,EU,EU_West,25-34,Self-employed,73622,0.296,4.1,1,0.361,0,0,0.39,10900,Group_A,0.8864,1,0.4761,Declined
APP-00682,US,US_South,25-34,Full-time,47316,0.489,10.5,1,0.665,0,0,0.397,9100,Group_B,0.7137,1,0.3288,Declined
APP-00683,US,US_East,55+,Student,17291,0.429,19.9,1,0.472,0,0,0.233,3000,Group_A,0.7286,1,0.3594,Declined
APP-00684,EU,EU_South,25-34,Full-time,98991,0.147,1.6,1,0.234,0,0,0.253,11700,Group_A,0.9175,1,0.5054,Manual Review
APP-00685,EU,EU_West,45-54,Self-employed,77568,0.637,14.1,2,0.268,0,0,0.409,3500,Group_A,0.8919,1,0.4871,Manual Review
APP-00686,EU,EU_South,25-34,Full-time,95798,0.379,3.7,1,0.473,0,0,0.352,12600,Group_A,0.7582,1,0.3931,Declined
APP-00687,EU,EU_West,25-34,Full-time,172512,0.096,8.3,0,0.497,0,0,0.42,30000,Group_A,0.99,1,0.6057,Approved
APP-00688,US,US_East,18-24,Full-time,19463,0.059,3.2,1,0.533,0,0,0.394,5600,Group_A,0.5864,1,0.3631,Declined
APP-00689,EU,EU_West,35-44,Full-time,65883,0.152,11.9,0,0.68,0,0,0.197,11900,Group_A,0.8329,1,0.4932,Manual Review
APP-00690,US,US_East,55+,Full-time,75002,0.02,20.2,1,0.477,1,8.3,0.457,6500,Group_A,0.9879,1,0.6232,Approved
APP-00691,US,US_West,25-34,Part-time,89842,0.633,5.9,1,0.793,0,0,0.742,7400,Group_A,0.5194,0,0.2312,Declined
APP-00692,US,US_Midwest,25-34,Full-time,29923,0.299,3.5,0,0.245,0,0,0.434,8500,Group_B,0.7516,1,0.4232,Declined
APP-00693,US,US_West,25-34,Self-employed,162684,0.114,6.3,1,0.747,1,6.1,0.409,21000,Group_A,0.9851,1,0.6186,Approved
APP-00694,US,US_East,35-44,Part-time,60074,0.338,12.8,2,0.598,1,7.9,0.363,11800,Group_A,0.8674,1,0.4245,Declined
APP-00695,US,US_Midwest,35-44,Full-time,80681,0.08,10.7,0,0.504,0,0,0.135,15700,Group_C,0.9834,1,0.5238,Manual Review
APP-00696,EU,EU_South,45-54,Part-time,54839,0.51,17.1,2,0.547,0,0,0.71,12400,Group_A,0.4572,0,0.1473,Declined
APP-00697,US,US_South,35-44,Self-employed,56757,0.473,9.9,2,0.363,1,9.3,0.447,9600,Group_B,0.9036,1,0.5506,Manual Review
APP-00698,EU,EU_South,35-44,Full-time,144655,0.359,12.9,1,0.282,1,10.5,0.787,22000,Group_A,0.9858,1,0.6028,Approved
APP-00699,US,US_West,25-34,Part-time,24190,0.428,4.9,0,0.328,0,0,0.361,5300,Group_B,0.6699,0,0.3566,Declined
APP-00700,US,US_Midwest,55+,Full-time,80684,0.393,19.6,2,0.513,0,0,0.765,9700,Group_B,0.9001,0,0.5309,Manual Review
APP-00701,US,US_South,25-34,Full-time,62725,0.198,9.1,2,0.457,1,10.9,0.424,10000,Group_A,0.894,1,0.5315,Manual Review
APP-00702,US,US_South,18-24,Part-time,21156,0.508,0,1,0.764,0,0,0.446,4400,Group_C,0.2531,1,0.0318,Declined
APP-00703,US,US_West,35-44,Full-time,260000,0.377,9.1,1,0.562,0,0,0.443,30000,Group_A,0.99,1,0.6124,Approved
APP-00704,US,US_East,35-44,Full-time,108992,0.27,8.4,0,0.68,0,0,0.365,25700,Group_A,0.9738,1,0.517,Manual Review
APP-00705,US,US_West,25-34,Full-time,82351,0.557,4.7,0,0.426,0,0,0.381,18500,Group_B,0.8135,0,0.4167,Declined
APP-00706,EU,EU_North,25-34,Part-time,65285,0.582,0.2,1,0.562,0,0,0.37,8000,Group_B,0.431,0,0.1089,Declined
APP-00707,US,US_South,45-54,Student,21961,0.197,17,1,0.8,1,5.8,0.167,3600,Group_A,0.7445,1,0.3576,Declined
APP-00708,EU,EU_North,25-34,Full-time,164051,0.09,6.3,1,0.149,0,0,0.47,15700,Group_A,0.99,1,0.6033,Approved
APP-00709,US,US_East,45-54,Self-employed,28270,0.11,18.5,0,0.236,1,6.8,0.549,4600,Group_A,0.9682,1,0.5725,Manual Review
APP-00710,EU,EU_South,35-44,Student,27767,0.235,9.5,0,0.749,0,0,0.34,3400,Group_A,0.643,1,0.3022,Declined
APP-00711,EU,EU_Central,25-34,Full-time,50829,0.386,3.9,0,0.574,0,0,0.324,10200,Group_B,0.8765,0,0.4509,Declined
APP-00712,EU,EU_West,35-44,Full-time,117270,0.659,13.5,0,0.84,0,0,0.685,7700,Group_A,0.9523,1,0.5523,Manual Review
APP-00713,US,US_Midwest,25-34,Self-employed,75121,0.307,9.5,1,0.33,1,6.6,0.624,8400,Group_A,0.9684,1,0.5429,Manual Review
APP-00714,US,US_West,45-54,Part-time,55615,0.372,14.5,1,0.246,0,0,0.284,9800,Group_A,0.7891,1,0.3977,Declined
APP-00715,US,US_South,35-44,Student,39032,0.463,11.4,3,0.41,1,5.8,0.629,4900,Group_A,0.4494,1,0.1297,Declined
APP-00716,EU,EU_Central,25-34,Full-time,48016,0.326,7.1,0,0.766,1,5.7,0.489,2800,Group_A,0.7968,0,0.4084,Declined
APP-00717,EU,EU_North,35-44,Full-time,38564,0.214,9.6,0,0.752,0,0,0.368,4700,Group_B,0.9614,1,0.4802,Manual Review
APP-00718,EU,EU_South,55+,Full-time,106662,0.198,19.4,0,0.317,1,8.5,0.155,16700,Group_C,0.99,1,0.6334,Approved
APP-00719,US,US_South,25-34,Full-time,85387,0.403,7.1,0,0.728,0,0,0.189,14800,Group_B,0.9499,1,0.5205,Manual Review
APP-00720,EU,EU_North,55+,Full-time,168132,0.182,16.8,0,0.595,1,9.4,0.367,19500,Group_A,0.99,1,0.7104,Approved
APP-00721,EU,EU_West,25-34,Part-time,30535,0.304,4.6,1,0.488,0,0,0.448,5800,Group_C,0.5076,0,0.1693,Declined
APP-00722,US,US_South,18-24,Full-time,58399,0.258,1.3,1,0.306,0,0,0.213,5600,Group_B,0.8005,1,0.3869,Declined
APP-00723,US,US_East,25-34,Part-time,34436,0.537,5.3,1,0.554,1,5.5,0.852,1600,Group_B,0.4848,0,0.1997,Declined
APP-00724,EU,EU_North,25-34,Full-time,127404,0.115,9.5,0,0.086,0,0,0.517,12400,Group_A,0.99,1,0.6013,Approved
APP-00725,EU,EU_Central,25-34,Self-employed,107830,0.221,9.1,0,0.327,1,5.5,0.264,19900,Group_A,0.9788,1,0.5364,Manual Review
APP-00726,EU,EU_South,18-24,Full-time,56104,0.609,1.9,1,0.538,1,2.2,0.262,2600,Group_A,0.5057,0,0.2644,Declined
APP-00727,US,US_West,55+,Full-time,70735,0.377,23.9,1,0.254,0,0,0.384,3900,Group_A,0.9804,1,0.5627,Manual Review
APP-00728,EU,EU_West,45-54,Full-time,147556,0.111,14.4,0,0.275,0,0,0.412,7100,Group_A,0.99,1,0.6106,Approved
APP-00729,US,US_West,45-54,Unemployed,50130,0.46,18,2,0.346,1,8.8,0.673,7900,Group_A,0.7667,1,0.3835,Declined
APP-00730,US,US_West,25-34,Part-time,34308,0.214,10.5,2,0.242,1,9.4,0.528,6100,Group_A,0.871,0,0.5265,Manual Review
APP-00731,US,US_East,25-34,Full-time,34381,0.706,7,2,0.871,0,0,0.518,5100,Group_B,0.2649,1,0.0104,Declined
APP-00732,EU,EU_South,18-24,Full-time,44805,0.094,2.7,0,0.642,1,2.3,0.536,6900,Group_A,0.7837,1,0.3551,Declined
APP-00733,EU,EU_West,45-54,Student,82337,0.215,15.3,0,0.349,1,9,0.756,20500,Group_A,0.9393,1,0.543,Manual Review
APP-00734,US,US_West,55+,Full-time,128851,0.377,16.6,0,0.445,0,0,0.439,26900,Group_C,0.99,1,0.6154,Approved
APP-00735,US,US_West,25-34,Full-time,42187,0.171,6.2,2,0.476,1,8.1,0.475,10300,Group_C,0.7507,1,0.4288,Declined
APP-00736,EU,EU_Central,18-24,Full-time,25281,0.554,0,3,0.471,0,0,0.23,3200,Group_B,0.1103,1,0,Declined
APP-00737,US,US_West,35-44,Unemployed,58501,0.485,8.3,1,0.413,1,4.1,0.98,6500,Group_C,0.7374,1,0.3544,Declined
APP-00738,EU,EU_West,25-34,Full-time,44728,0.467,3.9,1,0.472,0,0,0.542,7200,Group_A,0.6805,0,0.3054,Declined
APP-00739,US,US_East,25-34,Full-time,87517,0.115,4.5,0,0.089,0,0,0.144,9300,Group_C,0.9445,1,0.661,Approved
APP-00740,US,US_Midwest,35-44,Student,29742,0.204,10.9,5,0.353,1,4.5,0.41,5700,Group_A,0.7706,1,0.4355,Declined
APP-00741,US,US_Midwest,45-54,Full-time,198236,0.02,16.6,0,0.4,0,0,0.247,30000,Group_A,0.99,1,0.6946,Approved
APP-00742,US,US_West,18-24,Full-time,36070,0.237,1.2,1,0.237,0,0,0.587,7100,Group_A,0.7604,1,0.3053,Declined
APP-00743,EU,EU_North,18-24,Full-time,85342,0.238,4.9,0,0.313,1,6.4,0.507,10100,Group_A,0.9867,1,0.5514,Manual Review
APP-00744,US,US_East,55+,Student,38939,0.639,20.5,1,0.583,0,0,0.312,3700,Group_A,0.792,0,0.3617,Declined
APP-00745,US,US_Midwest,25-34,Full-time,70001,0.103,2.6,1,0.621,0,0,0.493,14600,Group_B,0.8531,1,0.4246,Declined
APP-00746,EU,EU_North,18-24,Unemployed,12000,0.59,0.8,3,0.505,0,0,0.657,4500,Group_B,0.0208,0,0,Declined
APP-00747,US,US_East,25-34,Self-employed,21173,0.414,8.6,0,0.45,0,0,0.464,6400,Group_B,0.8669,1,0.4343,Declined
APP-00748,US,US_East,18-24,Full-time,46196,0.099,3.2,0,0.194,1,2.7,0.471,5800,Group_A,0.947,1,0.5412,Manual Review
APP-00749,EU,EU_West,25-34,Unemployed,27327,0.476,3.5,3,0.481,0,0,0.642,6700,Group_B,0.0539,0,0,Declined
APP-00750,EU,EU_West,45-54,Full-time,48367,0.401,10.4,1,0.524,1,6.3,0.333,12600,Group_B,0.9294,1,0.4397,Declined
APP-00751,US,US_Midwest,25-34,Full-time,45683,0.188,6,0,0.368,0,0,0.393,6600,Group_A,0.873,0,0.477,Declined
APP-00752,EU,EU_West,35-44,Full-time,97392,0.086,9.3,0,0.099,0,0,0.485,13000,Group_B,0.9787,1,0.6011,Approved
APP-00753,EU,EU_West,35-44,Full-time,116278,0.504,10.1,1,0.496,0,0,0.331,23900,Group_A,0.9038,1,0.4387,Declined
APP-00754,US,US_East,35-44,Full-time,84836,0.57,7.3,1,0.366,0,0,0.342,14800,Group_A,0.8395,0,0.476,Declined
APP-00755,US,US_South,45-54,Full-time,126962,0.447,13.1,1,0.179,0,0,0.364,26200,Group_C,0.985,1,0.5789,Manual Review
APP-00756,EU,EU_Central,45-54,Full-time,56452,0.375,19.2,3,0.297,1,10.1,0.304,14600,Group_A,0.861,1,0.4839,Manual Review
APP-00757,EU,EU_West,18-24,Part-time,27214,0.308,5.7,1,0.577,0,0,0.506,8800,Group_A,0.5057,1,0.2233,Declined
APP-00758,US,US_West,45-54,Full-time,187606,0.299,13,0,0.279,0,0,0.402,30000,Group_C,0.99,1,0.6661,Approved
APP-00759,EU,EU_West,35-44,Unemployed,30525,0.489,10.3,1,0.568,0,0,0.437,2700,Group_B,0.4924,1,0.2313,Declined
APP-00760,EU,EU_North,55+,Full-time,87232,0.41,18.4,0,0.447,1,5.5,0.209,13600,Group_A,0.9888,1,0.5384,Manual Review
APP-00761,US,US_East,35-44,Full-time,254774,0.253,14.1,1,0.383,1,7.3,0.378,16100,Group_A,0.99,1,0.7183,Approved
APP-00762,US,US_Midwest,55+,Full-time,43905,0.101,21.5,0,0.242,0,0,0.321,8400,Group_A,0.9425,1,0.5793,Manual Review
APP-00763,US,US_Midwest,45-54,Full-time,114842,0.164,15.9,3,0.635,1,9.5,0.536,18800,Group_B,0.9857,1,0.6298,Approved
APP-00764,EU,EU_Central,25-34,Full-time,157660,0.48,2.7,0,0.804,1,1.8,0.201,19800,Group_A,0.9858,1,0.5809,Approved
APP-00765,US,US_East,35-44,Part-time,48825,0.136,12.5,0,0.391,0,0,0.358,4500,Group_A,0.9694,1,0.6179,Approved
APP-00766,EU,EU_Central,55+,Student,49238,0.496,20,1,0.537,1,5.9,0.253,8100,Group_C,0.856,1,0.4359,Declined
APP-00767,EU,EU_South,45-54,Unemployed,24086,0.315,17.9,5,0.24,0,0,0.264,500,Group_A,0.5478,0,0.3426,Declined
APP-00768,EU,EU_West,18-24,Full-time,37455,0.02,4.5,1,0.322,1,4.8,0.373,6400,Group_A,0.5757,1,0.3265,Declined
APP-00769,US,US_West,35-44,Student,46667,0.478,11.1,0,0.471,0,0,0.51,7000,Group_A,0.7907,1,0.4474,Declined
APP-00770,EU,EU_West,25-34,Full-time,89512,0.394,3,0,0.298,1,3.2,0.281,16400,Group_B,0.9642,1,0.5663,Manual Review
APP-00771,US,US_West,18-24,Full-time,84485,0.231,4.2,1,0.739,0,0,0.268,3700,Group_A,0.791,1,0.4366,Declined
APP-00772,EU,EU_West,25-34,Student,65698,0.267,6.4,2,0.454,0,0,0.366,5500,Group_A,0.8197,1,0.3967,Declined
APP-00773,US,US_Midwest,25-34,Self-employed,55351,0.661,2.4,0,0.637,1,2.5,0.364,12600,Group_B,0.5463,0,0.2682,Declined
APP-00774,US,US_West,45-54,Full-time,163844,0.256,14,1,0.4,1,8.3,0.252,12400,Group_A,0.99,1,0.6549,Approved
APP-00775,EU,EU_Central,25-34,Full-time,63919,0.196,3.3,1,0.497,1,3,0.219,11500,Group_A,0.849,0,0.3967,Declined
APP-00776,US,US_East,45-54,Full-time,143701,0.088,14.9,1,0.279,1,8,0.488,29400,Group_A,0.99,1,0.6371,Approved
APP-00777,US,US_South,18-24,Part-time,35067,0.177,4.9,3,0.506,0,0,0.483,3900,Group_A,0.3374,0,0.0974,Declined
APP-00778,EU,EU_West,25-34,Full-time,91122,0.37,6.9,1,0.318,1,7.9,0.457,11100,Group_A,0.9036,1,0.4567,Declined
APP-00779,EU,EU_South,25-34,Unemployed,35303,0.351,5.3,1,0.647,0,0,0.403,5200,Group_A,0.2841,1,0.1386,Declined
APP-00780,EU,EU_West,25-34,Full-time,36217,0.02,8.3,0,0.273,0,0,0.227,7900,Group_A,0.9098,1,0.4709,Declined
APP-00781,EU,EU_West,18-24,Full-time,30763,0.138,0.7,0,0.48,0,0,0.228,2600,Group_A,0.784,1,0.3499,Declined
APP-00782,US,US_South,25-34,Full-time,65442,0.493,4.5,2,0.512,1,1.1,0.207,7500,Group_B,0.7574,1,0.4512,Declined
APP-00783,US,US_West,35-44,Full-time,39426,0.367,9.6,0,0.298,0,0,0.276,3500,Group_C,0.7781,0,0.4097,Declined
APP-00784,US,US_Midwest,25-34,Full-time,90837,0.226,6,1,0.685,0,0,0.568,7200,Group_B,0.8998,1,0.5198,Manual Review
APP-00785,US,US_Midwest,25-34,Part-time,64495,0.735,2,2,0.554,0,0,0.591,8200,Group_C,0.3313,0,0.1459,Declined
APP-00786,EU,EU_North,25-34,Student,37561,0.183,4.6,1,0.418,1,5,0.277,6600,Group_A,0.6209,0,0.355,Declined
APP-00787,EU,EU_North,45-54,Student,23462,0.185,11.4,0,0.528,0,0,0.473,5100,Group_C,0.7713,0,0.4248,Declined
APP-00788,US,US_South,55+,Part-time,96017,0.136,20.4,0,0.551,0,0,0.703,6000,Group_A,0.9765,1,0.6143,Approved
APP-00789,US,US_East,35-44,Student,91610,0.253,12.7,1,0.646,0,0,0.587,6500,Group_C,0.8987,1,0.5383,Manual Review
APP-00790,EU,EU_South,25-34,Full-time,74354,0.365,4.4,1,0.368,0,0,0.283,9100,Group_C,0.7809,1,0.4136,Declined
APP-00791,US,US_South,18-24,Part-time,33683,0.315,0,3,0.317,0,0,0.389,5400,Group_B,0.2653,1,0.1177,Declined
APP-00792,EU,EU_West,55+,Full-time,84227,0.232,21.9,2,0.385,0,0,0.423,20700,Group_C,0.9624,1,0.5834,Approved
APP-00793,US,US_East,18-24,Full-time,54282,0.089,2.7,2,0.595,0,0,0.475,4500,Group_B,0.8861,1,0.4569,Declined
APP-00794,EU,EU_South,25-34,Full-time,70658,0.488,6.3,2,0.851,1,5.5,0.34,6400,Group_A,0.6646,1,0.3794,Declined
APP-00795,US,US_West,25-34,Full-time,73412,0.441,8,3,0.582,1,8.3,0.197,10600,Group_A,0.8741,0,0.4266,Declined
APP-00796,EU,EU_North,25-34,Full-time,93934,0.267,1.9,0,0.155,0,0,0.329,14300,Group_B,0.9767,1,0.5704,Manual Review
APP-00797,EU,EU_West,25-34,Unemployed,83840,0.362,9.5,2,0.799,1,7.6,0.499,16400,Group_A,0.5153,0,0.2761,Declined
APP-00798,EU,EU_North,45-54,Full-time,42740,0.315,18.5,0,0.541,1,8,0.206,6200,Group_B,0.9416,1,0.5559,Manual Review
APP-00799,EU,EU_West,25-34,Full-time,66416,0.314,6.6,0,0.362,1,6.8,0.527,11600,Group_C,0.9662,1,0.5514,Manual Review
APP-00800,EU,EU_North,35-44,Full-time,53064,0.27,6.4,0,0.405,0,0,0.25,5200,Group_A,0.8877,1,0.4375,Declined
APP-00801,EU,EU_South,25-34,Full-time,127924,0.343,3.1,2,0.48,0,0,0.378,11900,Group_B,0.8971,1,0.5114,Manual Review
APP-00802,US,US_West,18-24,Full-time,36550,0.225,2.8,0,0.729,0,0,0.351,6000,Group_C,0.7954,0,0.4013,Declined
APP-00803,EU,EU_North,55+,Full-time,40177,0.108,19.1,0,0.563,0,0,0.218,6600,Group_C,0.9767,1,0.6202,Approved
APP-00804,EU,EU_Central,25-34,Full-time,92743,0.3,8.3,0,0.172,0,0,0.617,15600,Group_C,0.9534,1,0.6028,Approved
APP-00805,US,US_Midwest,45-54,Full-time,209921,0.174,17.3,1,0.402,0,0,0.442,19800,Group_A,0.99,1,0.7403,Approved
APP-00806,EU,EU_Central,35-44,Part-time,71098,0.36,8.4,1,0.287,1,10.3,0.312,14800,Group_C,0.647,1,0.3273,Declined
APP-00807,EU,EU_North,18-24,Part-time,29354,0.205,0.4,5,0.646,0,0,0.359,7400,Group_B,0.1248,0,0,Declined
APP-00808,EU,EU_South,55+,Full-time,99072,0.181,19,2,0.567,0,0,0.207,21200,Group_A,0.9595,1,0.5961,Approved
APP-00809,US,US_East,25-34,Full-time,140939,0.123,6.1,0,0.248,1,7.7,0.185,15600,Group_A,0.9893,1,0.6758,Approved
APP-00810,US,US_East,45-54,Full-time,54151,0.42,12.6,1,0.511,1,5.3,0.442,3000,Group_B,0.8368,1,0.4425,Declined
APP-00811,EU,EU_West,25-34,Part-time,44392,0.356,9.1,2,0.729,0,0,0.528,5900,Group_A,0.4074,1,0.1475,Declined
APP-00812,EU,EU_North,45-54,Full-time,65461,0.205,18.5,0,0.551,0,0,0.332,8000,Group_B,0.9676,1,0.5123,Manual Review
APP-00813,US,US_South,18-24,Full-time,25279,0.22,0,1,0.387,0,0,0.437,4200,Group_B,0.5161,1,0.2554,Declined
APP-00814,EU,EU_West,35-44,Part-time,48748,0.397,6.8,0,0.406,0,0,0.459,9700,Group_A,0.7888,1,0.4142,Declined
APP-00815,EU,EU_South,45-54,Full-time,132111,0.361,13.3,1,0.466,1,8.4,0.46,13200,Group_B,0.985,1,0.5806,Approved
APP-00816,US,US_South,55+,Full-time,89128,0.304,15.5,0,0.76,1,9.1,0.293,15300,Group_B,0.9881,1,0.6033,Approved
APP-00817,EU,EU_South,55+,Full-time,110131,0.321,21.1,0,0.34,0,0,0.518,22400,Group_A,0.9836,1,0.6268,Approved
APP-00818,US,US_West,45-54,Student,44469,0.551,17.6,0,0.71,0,0,0.523,6600,Group_A,0.8976,1,0.4729,Declined
APP-00819,US,US_Midwest,45-54,Student,52687,0.238,19.3,1,0.184,0,0,0.396,6700,Group_A,0.9604,1,0.6208,Approved
APP-00820,US,US_West,25-34,Self-employed,47485,0.093,6.9,0,0.46,1,9.5,0.458,7900,Group_A,0.9665,1,0.6296,Approved
APP-00821,EU,EU_West,25-34,Full-time,60544,0.359,5.1,0,0.208,0,0,0.242,12100,Group_C,0.899,1,0.4835,Manual Review
APP-00822,US,US_South,25-34,Full-time,81292,0.153,2.1,1,0.499,0,0,0.248,18700,Group_A,0.863,1,0.4404,Declined
APP-00823,US,US_East,25-34,Unemployed,27706,0.561,4.4,1,0.689,0,0,0.453,6500,Group_B,0.1622,0,0,Declined
APP-00824,US,US_East,25-34,Unemployed,33699,0.528,6.7,2,0.381,0,0,0.398,8200,Group_A,0.563,0,0.2767,Declined
APP-00825,US,US_South,35-44,Full-time,84813,0.275,12.4,3,0.698,0,0,0.666,13300,Group_A,0.8776,1,0.4345,Declined
APP-00826,EU,EU_West,25-34,Part-time,33013,0.305,2.7,1,0.614,0,0,0.464,500,Group_B,0.3004,0,0.0953,Declined
APP-00827,US,US_Midwest,35-44,Full-time,260000,0.058,7.8,1,0.313,1,8.3,0.619,30000,Group_B,0.99,1,0.7015,Approved
APP-00828,US,US_West,25-34,Full-time,112135,0.073,3.2,2,0.533,0,0,0.167,24200,Group_A,0.895,1,0.5782,Manual Review
APP-00829,EU,EU_North,25-34,Self-employed,81989,0.148,1.5,0,0.086,0,0,0.454,11200,Group_A,0.9428,1,0.6065,Approved
APP-00830,US,US_West,35-44,Full-time,81268,0.304,8.6,1,0.743,1,8.3,0.284,8100,Group_A,0.9461,1,0.4473,Declined
APP-00831,US,US_West,45-54,Student,33982,0.607,12.5,2,0.314,1,6.5,0.376,7600,Group_A,0.7631,1,0.4487,Declined
APP-00832,US,US_West,45-54,Full-time,75664,0.166,14.5,1,0.227,1,8.5,0.282,17600,Group_B,0.9796,1,0.55,Manual Review
APP-00833,US,US_South,35-44,Full-time,102974,0.267,9.9,0,0.12,0,0,0.36,6800,Group_A,0.9757,1,0.612,Approved
APP-00834,US,US_Midwest,25-34,Student,13909,0.295,5.3,2,0.456,0,0,0.876,3800,Group_A,0.2695,0,0.0617,Declined
APP-00835,US,US_South,35-44,Student,19367,0.221,8.8,1,0.18,1,11.1,0.421,2000,Group_A,0.8781,1,0.467,Declined
APP-00836,US,US_East,18-24,Full-time,35751,0.387,0,1,0.597,1,0,0.653,8100,Group_C,0.5879,1,0.2149,Declined
APP-00837,EU,EU_North,25-34,Full-time,76391,0.452,8.8,1,0.495,1,9.8,0.561,14400,Group_C,0.8754,1,0.5392,Manual Review
APP-00838,US,US_Midwest,25-34,Self-employed,61130,0.328,4.3,0,0.199,1,3.9,0.253,14100,Group_A,0.7225,1,0.4001,Declined
APP-00839,EU,EU_Central,18-24,Full-time,83153,0.414,0,3,0.493,0,0,0.532,7300,Group_B,0.1806,0,0.0626,Declined
APP-00840,EU,EU_West,25-34,Unemployed,14974,0.431,3.3,2,0.367,1,2.4,0.665,1900,Group_A,0.2381,0,0.0223,Declined
APP-00841,US,US_Midwest,55+,Student,25552,0.333,23.1,0,0.613,1,8.2,0.808,5200,Group_A,0.7695,1,0.3812,Declined
APP-00842,EU,EU_Central,55+,Full-time,136886,0.531,19.1,0,0.331,0,0,0.721,9900,Group_B,0.9797,1,0.6017,Approved
APP-00843,US,US_East,25-34,Full-time,73822,0.102,3.7,0,0.3,0,0,0.285,8700,Group_C,0.9329,1,0.5635,Manual Review
APP-00844,EU,EU_Central,18-24,Full-time,70905,0.112,0.6,0,0.288,0,0,0.234,7000,Group_C,0.9782,1,0.5501,Manual Review
APP-00845,US,US_East,25-34,Student,68386,0.166,8,2,0.436,0,0,0.385,13200,Group_B,0.802,1,0.4884,Manual Review
APP-00846,US,US_South,25-34,Full-time,54567,0.299,6.3,0,0.32,0,0,0.483,8200,Group_A,0.9085,1,0.5085,Manual Review
APP-00847,US,US_South,55+,Full-time,66050,0.408,18.4,1,0.741,1,8.2,0.279,11100,Group_B,0.9469,1,0.5223,Manual Review
APP-00848,EU,EU_South,25-34,Full-time,65960,0.244,4.4,0,0.567,1,3.7,0.58,9300,Group_A,0.6124,1,0.3492,Declined
APP-00849,US,US_West,45-54,Self-employed,30406,0.407,9.6,1,0.558,1,11,0.826,4100,Group_B,0.576,0,0.2819,Declined
APP-00850,EU,EU_West,18-24,Full-time,44366,0.122,2.1,0,0.675,0,0,0.13,6000,Group_A,0.6722,1,0.3792,Declined
APP-00851,US,US_South,55+,Full-time,102677,0.238,19.5,0,0.137,0,0,0.251,8000,Group_B,0.99,1,0.6699,Approved
APP-00852,EU,EU_North,25-34,Student,41347,0.31,8.9,3,0.57,1,10.1,0.216,2300,Group_A,0.3041,0,0.1637,Declined
APP-00853,US,US_East,45-54,Student,55007,0.203,11.1,0,0.588,0,0,0.288,8900,Group_A,0.843,1,0.5011,Manual Review
APP-00854,EU,EU_South,25-34,Part-time,36797,0.2,3,0,0.299,0,0,0.492,8200,Group_C,0.7011,1,0.4319,Declined
APP-00855,US,US_West,35-44,Full-time,67186,0.265,9.7,0,0.477,1,7.2,0.282,6100,Group_A,0.9071,1,0.5472,Manual Review
APP-00856,US,US_East,25-34,Full-time,132001,0.112,6.5,0,0.459,0,0,0.332,16600,Group_A,0.9866,1,0.6783,Approved
APP-00857,US,US_East,25-34,Self-employed,54428,0.374,6.2,2,0.258,0,0,0.251,3500,Group_A,0.6756,1,0.3358,Declined
APP-00858,US,US_East,55+,Full-time,94073,0.468,20.7,2,0.608,0,0,0.29,17400,Group_A,0.9346,1,0.5731,Manual Review
APP-00859,EU,EU_South,55+,Student,38564,0.296,21.9,0,0.662,1,9.9,0.232,700,Group_A,0.9544,1,0.4889,Manual Review
APP-00860,US,US_Midwest,45-54,Self-employed,168779,0.304,14,2,0.387,0,0,0.276,19400,Group_A,0.9889,1,0.6703,Approved
APP-00861,EU,EU_North,35-44,Full-time,130431,0.064,12.1,0,0.152,0,0,0.36,18300,Group_C,0.99,1,0.66,Approved
APP-00862,US,US_South,45-54,Student,23243,0.191,17,0,0.178,1,9.7,0.405,7500,Group_A,0.9658,1,0.6097,Approved
APP-00863,US,US_South,18-24,Unemployed,12000,0.239,0.8,2,0.306,0,0,0.604,4500,Group_C,0.0898,0,0.0642,Declined
APP-00864,US,US_Midwest,25-34,Full-time,81088,0.335,7.8,2,0.733,0,0,0.468,11600,Group_B,0.8319,1,0.4653,Declined
APP-00865,US,US_East,25-34,Full-time,72435,0.348,9.9,0,0.523,1,8.3,0.513,13700,Group_A,0.8775,1,0.4736,Declined
APP-00866,EU,EU_South,35-44,Full-time,61636,0.186,10.9,0,0.432,0,0,0.203,12100,Group_B,0.9154,1,0.4868,Manual Review
APP-00867,US,US_West,25-34,Full-time,117764,0.429,0,1,0.561,0,0,0.536,5400,Group_A,0.8568,0,0.4789,Declined
APP-00868,US,US_Midwest,25-34,Full-time,67991,0.532,7.8,1,0.721,1,9,0.35,9500,Group_B,0.8285,1,0.3997,Declined
APP-00869,EU,EU_South,35-44,Full-time,92417,0.208,12.7,2,0.452,0,0,0.524,19300,Group_A,0.9453,1,0.582,Approved
APP-00870,EU,EU_North,45-54,Unemployed,53220,0.419,20.4,2,0.968,1,5.6,0.706,6700,Group_A,0.4869,0,0.22,Declined
APP-00871,US,US_South,25-34,Full-time,58783,0.245,8.2,2,0.437,0,0,0.258,9200,Group_C,0.9197,1,0.463,Declined
APP-00872,US,US_East,25-34,Full-time,140961,0.263,9,0,0.687,0,0,0.468,13000,Group_C,0.9741,1,0.5733,Manual Review
APP-00873,EU,EU_South,25-34,Self-employed,44570,0.069,7.4,1,0.681,0,0,0.501,8700,Group_C,0.6755,1,0.3789,Declined
APP-00874,US,US_East,25-34,Full-time,100210,0.209,9.5,2,0.491,0,0,0.152,9300,Group_A,0.8601,1,0.5047,Manual Review
APP-00875,US,US_South,25-34,Student,51797,0.157,8.7,0,0.341,0,0,0.231,5400,Group_B,0.7739,1,0.4158,Declined
APP-00876,US,US_East,35-44,Full-time,48566,0.415,11.5,0,0.376,1,10,0.243,6600,Group_A,0.8228,1,0.526,Manual Review
APP-00877,EU,EU_West,35-44,Full-time,77339,0.39,7.5,0,0.431,0,0,0.435,10800,Group_A,0.9142,1,0.503,Manual Review
APP-00878,EU,EU_West,35-44,Full-time,150912,0.186,10.3,1,0.385,1,7.5,0.202,30000,Group_A,0.99,1,0.5369,Manual Review
APP-00879,US,US_West,25-34,Part-time,65859,0.662,5.2,1,0.712,0,0,0.347,5300,Group_B,0.332,0,0.1527,Declined
APP-00880,US,US_East,45-54,Full-time,88643,0.57,16.2,4,0.428,0,0,0.466,12400,Group_A,0.5448,0,0.2949,Declined
APP-00881,US,US_Midwest,25-34,Part-time,33541,0.26,3.8,0,0.297,1,2.7,0.536,4000,Group_A,0.7238,1,0.3778,Declined
APP-00882,EU,EU_North,35-44,Full-time,129526,0.385,6.4,0,0.244,0,0,0.244,22700,Group_C,0.9784,1,0.5841,Approved
APP-00883,US,US_East,45-54,Full-time,163104,0.474,14.4,0,0.764,1,8.1,0.49,21200,Group_A,0.99,1,0.5909,Approved
APP-00884,US,US_West,25-34,Full-time,44148,0.15,8.3,0,0.406,1,8,0.351,10300,Group_A,0.8764,1,0.5603,Manual Review
APP-00885,EU,EU_Central,18-24,Unemployed,12000,0.203,6,1,0.136,1,6.3,0.574,1900,Group_A,0.5692,0,0.3218,Declined
APP-00886,US,US_Midwest,45-54,Student,43002,0.392,17,0,0.426,0,0,0.702,6000,Group_C,0.9294,1,0.5364,Manual Review
APP-00887,EU,EU_South,25-34,Full-time,98974,0.277,8.8,1,0.293,1,8.7,0.154,16800,Group_A,0.9391,1,0.546,Manual Review
APP-00888,US,US_Midwest,35-44,Full-time,78895,0.283,10.8,1,0.525,1,6.1,0.348,10100,Group_A,0.9342,1,0.5968,Approved
APP-00889,US,US_West,18-24,Full-time,58045,0.219,0,1,0.078,0,0,0.254,6600,Group_B,0.87,1,0.5168,Manual Review
APP-00890,US,US_East,35-44,Full-time,54955,0.243,7.8,1,0.325,1,7.7,0.093,10100,Group_B,0.8534,1,0.5159,Manual Review
APP-00891,EU,EU_West,25-34,Full-time,28790,0.02,5.9,0,0.138,1,5.9,0.674,8100,Group_A,0.9399,1,0.5552,Manual Review
APP-00892,EU,EU_Central,18-24,Student,15362,0.432,0,3,0.415,1,0,0.308,5500,Group_B,0.0771,0,0,Declined
APP-00893,EU,EU_Central,35-44,Student,33839,0.684,8.9,0,0.674,1,10.2,0.489,10000,Group_B,0.6441,0,0.3016,Declined
APP-00894,US,US_West,25-34,Full-time,55196,0.406,5.3,3,0.61,1,6.7,0.257,9800,Group_B,0.5903,1,0.2543,Declined
APP-00895,EU,EU_West,25-34,Full-time,44269,0.035,8.4,0,0.414,0,0,0.181,2500,Group_A,0.8406,1,0.4999,Manual Review
APP-00896,US,US_East,18-24,Student,12000,0.253,0.9,2,0.253,0,0,0.618,1200,Group_C,0.3841,1,0.246,Declined
APP-00897,US,US_West,25-34,Part-time,37042,0.245,2.3,0,0.252,1,6.3,0.386,3300,Group_A,0.687,1,0.3749,Declined
APP-00898,EU,EU_South,25-34,Full-time,111675,0.41,5.4,1,0.292,1,5.7,0.61,13300,Group_A,0.933,1,0.5879,Approved
APP-00899,US,US_East,18-24,Full-time,89787,0.596,2.6,1,0.457,1,3.4,0.472,8800,Group_A,0.8427,0,0.4786,Declined
APP-00900,US,US_South,55+,Full-time,140640,0.077,23.7,0,0.081,1,6.8,0.13,28100,Group_A,0.99,1,0.7315,Approved
APP-00901,US,US_West,18-24,Full-time,35339,0.317,1.3,0,0.207,0,0,0.583,4400,Group_A,0.6377,1,0.3977,Declined
APP-00902,US,US_South,35-44,Full-time,45011,0.427,9.9,0,0.177,0,0,0.839,5700,Group_B,0.9006,1,0.4167,Declined
APP-00903,US,US_South,25-34,Full-time,93236,0.02,7.1,1,0.098,0,0,0.396,17700,Group_A,0.8962,1,0.491,Manual Review
APP-00904,EU,EU_South,25-34,Self-employed,90601,0.165,6.6,0,0.221,0,0,0.69,9300,Group_A,0.9782,1,0.6583,Approved
APP-00905,US,US_Midwest,55+,Full-time,98672,0.472,23,0,0.34,0,0,0.245,19400,Group_A,0.9596,1,0.5747,Manual Review
APP-00906,EU,EU_South,25-34,Full-time,30124,0.02,5,0,0.066,1,10.1,0.165,6200,Group_A,0.9202,1,0.5413,Manual Review
APP-00907,EU,EU_South,55+,Full-time,52073,0.086,18.7,1,0.368,1,8.1,0.222,2800,Group_C,0.9775,1,0.6623,Approved
APP-00908,US,US_Midwest,25-34,Part-time,46063,0.671,6.5,1,0.718,0,0,0.326,4900,Group_A,0.4653,0,0.186,Declined
APP-00909,US,US_Midwest,45-54,Student,51838,0.395,14.6,3,0.756,0,0,0.277,7500,Group_A,0.5799,0,0.35,Declined
APP-00910,US,US_South,35-44,Full-time,127484,0.112,12.1,0,0.541,0,0,0.599,19600,Group_A,0.9873,1,0.6027,Approved
APP-00911,EU,EU_South,45-54,Full-time,102177,0.161,14.4,2,0.254,0,0,0.484,20300,Group_A,0.9532,1,0.6176,Approved
APP-00912,US,US_South,35-44,Unemployed,40988,0.497,11.5,3,0.681,0,0,0.682,7800,Group_A,0.4511,0,0.1916,Declined
APP-00913,EU,EU_Central,35-44,Full-time,78592,0.523,8.6,1,0.549,0,0,0.644,15800,Group_B,0.8439,1,0.5039,Manual Review
APP-00914,US,US_East,25-34,Full-time,94744,0.468,6,1,0.564,0,0,0.344,11000,Group_C,0.9223,1,0.4835,Manual Review
APP-00915,EU,EU_West,25-34,Full-time,85836,0.056,5.5,0,0.217,1,3.5,0.091,14900,Group_A,0.9745,0,0.5527,Manual Review
APP-00916,US,US_West,55+,Full-time,71143,0.299,18.1,0,0.231,0,0,0.15,5300,Group_B,0.8954,1,0.5367,Manual Review
APP-00917,US,US_Midwest,25-34,Full-time,55382,0.199,4.5,0,0.31,1,7.3,0.317,8400,Group_B,0.9599,1,0.5201,Manual Review
APP-00918,EU,EU_Central,25-34,Student,28182,0.288,4.7,0,0.196,1,6.5,0.429,700,Group_B,0.813,1,0.4124,Declined
APP-00919,EU,EU_North,45-54,Self-employed,108732,0.272,16,2,0.505,0,0,0.446,18700,Group_A,0.9504,1,0.5427,Manual Review
APP-00920,US,US_Midwest,25-34,Full-time,84100,0.326,10.3,0,0.388,1,9.9,0.191,17900,Group_A,0.9577,1,0.6015,Approved
APP-00921,EU,EU_North,55+,Student,42529,0.205,18.8,2,0.384,1,7.3,0.331,11200,Group_A,0.8624,0,0.5583,Manual Review
APP-00922,US,US_East,45-54,Full-time,146847,0.172,13.7,0,0.682,0,0,0.312,30000,Group_B,0.9884,1,0.6362,Approved
APP-00923,EU,EU_South,35-44,Full-time,85234,0.268,5.3,2,0.22,0,0,0.254,10300,Group_B,0.8818,1,0.4769,Declined
APP-00924,EU,EU_Central,45-54,Full-time,71503,0.484,16.8,0,0.21,1,5,0.216,6900,Group_A,0.9334,0,0.5319,Manual Review
APP-00925,US,US_East,18-24,Self-employed,69325,0.321,0,1,0.517,0,0,0.435,16200,Group_A,0.7713,1,0.3083,Declined
APP-00926,US,US_Midwest,25-34,Full-time,37632,0.104,4.9,1,0.283,0,0,0.211,4200,Group_C,0.9492,1,0.5396,Manual Review
APP-00927,US,US_Midwest,35-44,Full-time,46500,0.537,8,0,0.529,0,0,0.359,9800,Group_B,0.6434,0,0.2902,Declined
APP-00928,US,US_East,25-34,Self-employed,73907,0.275,6.1,0,0.558,0,0,0.359,14400,Group_C,0.7171,0,0.4532,Declined
APP-00929,EU,EU_West,45-54,Self-employed,92441,0.359,12.6,0,0.908,1,8.3,0.388,16500,Group_B,0.9386,1,0.4598,Declined
APP-00930,US,US_South,55+,Self-employed,42969,0.316,19.7,0,0.649,1,9.7,0.606,9900,Group_A,0.9374,1,0.5056,Manual Review
APP-00931,US,US_West,25-34,Full-time,52602,0.181,7.5,0,0.334,1,5,0.741,12500,Group_B,0.9334,1,0.5269,Manual Review
APP-00932,EU,EU_West,25-34,Full-time,47574,0.151,4.9,1,0.217,0,0,0.421,1200,Group_B,0.9363,1,0.5434,Manual Review
APP-00933,EU,EU_West,55+,Full-time,66203,0.02,19.8,0,0.345,1,5.4,0.364,13900,Group_A,0.99,1,0.7007,Approved
APP-00934,US,US_Midwest,35-44,Full-time,138009,0.02,10.4,0,0.171,1,9.6,0.244,12300,Group_A,0.99,1,0.6052,Approved
APP-00935,US,US_Midwest,35-44,Unemployed,40680,0.575,12.4,3,0.638,1,10.1,0.869,4500,Group_B,0.1497,0,0.0099,Declined
APP-00936,US,US_Midwest,25-34,Full-time,73924,0.18,6,0,0.745,0,0,0.196,13700,Group_A,0.9292,1,0.4481,Declined
APP-00937,US,US_East,55+,Full-time,54024,0.027,17.3,0,0.827,0,0,0.157,9300,Group_B,0.9468,1,0.5802,Approved
APP-00938,EU,EU_Central,35-44,Part-time,25802,0.748,7.3,3,0.627,1,4.2,0.786,8900,Group_B,0.2692,0,0.0176,Declined
APP-00939,US,US_West,45-54,Full-time,169335,0.381,13.8,0,0.345,0,0,0.573,19200,Group_C,0.9884,1,0.6383,Approved
APP-00940,EU,EU_West,45-54,Full-time,124991,0.176,14.7,1,0.402,1,10.9,0.61,22900,Group_A,0.99,1,0.6173,Approved
APP-00941,US,US_West,25-34,Part-time,33967,0.633,3.7,0,0.514,1,4.4,0.569,8400,Group_A,0.3634,1,0.1363,Declined
APP-00942,EU,EU_North,25-34,Student,37560,0.525,1.8,2,0.292,0,0,0.35,7200,Group_B,0.3523,0,0.1288,Declined
APP-00943,EU,EU_Central,45-54,Self-employed,84709,0.268,14.2,1,0.448,1,8.6,0.377,11200,Group_A,0.929,1,0.5093,Manual Review
APP-00944,EU,EU_Central,25-34,Full-time,54917,0.101,5.6,0,0.224,0,0,0.115,12500,Group_B,0.9553,1,0.558,Manual Review
APP-00945,US,US_West,45-54,Full-time,97613,0.272,13,1,0.381,1,13.2,0.547,20600,Group_B,0.9866,1,0.5578,Manual Review
APP-00946,US,US_South,55+,Part-time,36958,0.304,20.5,2,0.468,1,6.8,0.417,7000,Group_A,0.8632,1,0.5204,Manual Review
APP-00947,US,US_South,35-44,Full-time,77325,0.133,13.8,0,0.697,1,10.6,0.401,4000,Group_A,0.99,1,0.5786,Manual Review
APP-00948,EU,EU_Central,45-54,Full-time,101134,0.265,18.8,2,0.692,1,6.5,0.514,10400,Group_A,0.9408,1,0.5135,Manual Review
APP-00949,EU,EU_West,45-54,Student,33252,0.501,15.4,2,0.384,1,11.2,0.553,3700,Group_A,0.6767,1,0.4485,Declined
APP-00950,EU,EU_South,45-54,Full-time,120770,0.225,13.6,0,0.505,1,12,0.191,14800,Group_C,0.99,1,0.6782,Approved
APP-00951,EU,EU_West,25-34,Part-time,90725,0.19,2.4,1,0.639,1,3.2,0.334,9900,Group_B,0.7829,1,0.5218,Manual Review
APP-00952,EU,EU_Central,18-24,Full-time,30450,0.164,1.8,0,0.247,0,0,0.096,5400,Group_B,0.8324,0,0.4352,Declined
APP-00953,US,US_East,25-34,Full-time,29539,0.678,3.8,1,0.622,0,0,0.266,6800,Group_B,0.4343,0,0.1139,Declined
APP-00954,EU,EU_South,35-44,Full-time,36669,0.02,10.1,0,0.205,1,5.8,0.243,4100,Group_A,0.9775,1,0.6115,Approved
APP-00955,US,US_West,35-44,Part-time,49291,0.358,8.2,2,0.463,0,0,0.508,2700,Group_C,0.7329,1,0.4218,Declined
APP-00956,US,US_West,45-54,Full-time,59546,0.259,12.1,2,0.487,1,10.9,0.62,6300,Group_B,0.7927,1,0.4467,Declined
APP-00957,US,US_Midwest,25-34,Full-time,68618,0.405,5,1,0.697,0,0,0.433,7000,Group_B,0.7499,1,0.2892,Declined
APP-00958,US,US_South,35-44,Self-employed,81647,0.307,7.1,2,0.789,0,0,0.558,17300,Group_C,0.4953,0,0.2052,Declined
APP-00959,US,US_Midwest,25-34,Self-employed,33090,0.258,8.7,1,0.675,0,0,0.252,6300,Group_A,0.5607,0,0.2907,Declined
APP-00960,EU,EU_Central,45-54,Unemployed,13877,0.661,12.6,0,0.795,1,8.5,0.763,4900,Group_B,0.3234,0,0.0746,Declined
APP-00961,US,US_West,35-44,Full-time,103118,0.331,10.7,0,0.428,1,8.5,0.325,10900,Group_A,0.9894,1,0.5303,Manual Review
APP-00962,EU,EU_North,25-34,Full-time,79249,0.224,3.6,0,0.23,0,0,0.385,12700,Group_A,0.9493,0,0.5382,Manual Review
APP-00963,US,US_West,25-34,Unemployed,24089,0.42,6.5,2,0.222,1,2.4,0.728,4200,Group_A,0.3518,0,0.0278,Declined
APP-00964,US,US_East,45-54,Self-employed,38711,0.581,14.3,0,0.762,1,6.8,0.575,4900,Group_C,0.7835,1,0.3636,Declined
APP-00965,US,US_Midwest,35-44,Full-time,104150,0.259,9.9,0,0.639,1,8.4,0.309,18900,Group_C,0.9827,1,0.5525,Manual Review
APP-00966,US,US_Midwest,25-34,Full-time,110761,0.519,7.5,3,0.525,1,7.3,0.549,11400,Group_B,0.8532,1,0.4677,Declined
APP-00967,EU,EU_South,55+,Part-time,49005,0.613,19.2,1,0.827,0,0,0.657,8700,Group_B,0.5223,0,0.274,Declined
APP-00968,US,US_South,45-54,Full-time,54806,0.165,12.1,2,0.359,1,9.5,0.167,11700,Group_B,0.8665,1,0.5109,Manual Review
APP-00969,EU,EU_South,55+,Self-employed,71651,0.165,18.4,1,0.468,0,0,0.425,14200,Group_C,0.9414,1,0.6049,Approved
APP-00970,US,US_East,25-34,Full-time,40322,0.302,7.8,0,0.801,0,0,0.375,7800,Group_A,0.6425,0,0.307,Declined
APP-00971,EU,EU_West,35-44,Full-time,145298,0.474,13.9,0,0.223,0,0,0.566,16800,Group_A,0.99,1,0.5693,Manual Review
APP-00972,EU,EU_South,55+,Self-employed,78069,0.184,21.6,1,0.401,0,0,0.406,6400,Group_A,0.988,1,0.6153,Approved
APP-00973,EU,EU_West,35-44,Full-time,34138,0.389,10.3,0,0.346,1,6.8,0.303,4000,Group_B,0.9095,1,0.4576,Declined
APP-00974,US,US_East,35-44,Full-time,66074,0.404,10.1,3,0.455,0,0,0.373,7000,Group_B,0.3936,0,0.1433,Declined
APP-00975,US,US_West,25-34,Full-time,91848,0.02,9.6,0,0.298,1,9.5,0.133,9900,Group_A,0.9848,1,0.6355,Approved
APP-00976,US,US_Midwest,35-44,Full-time,77698,0.352,6.7,3,0.374,1,9.3,0.149,12500,Group_A,0.8355,1,0.3922,Declined
APP-00977,EU,EU_West,25-34,Part-time,34557,0.297,5.8,1,0.192,1,5.5,0.464,7700,Group_B,0.522,1,0.3056,Declined
APP-00978,US,US_South,25-34,Part-time,26907,0.335,8.7,0,0.479,1,8.5,0.406,5300,Group_A,0.7768,0,0.3522,Declined
APP-00979,US,US_Midwest,18-24,Part-time,34543,0.174,0,0,0.219,1,0.9,0.41,6700,Group_B,0.8108,1,0.4233,Declined
APP-00980,EU,EU_West,18-24,Full-time,35565,0.159,0,1,0.472,0,0,0.391,4300,Group_C,0.8199,1,0.3918,Declined
APP-00981,US,US_South,55+,Full-time,31228,0.23,19.1,2,0.469,1,4.5,0.397,2700,Group_A,0.9563,1,0.583,Approved
APP-00982,EU,EU_South,25-34,Full-time,63091,0.266,4.9,1,0.474,0,0,0.55,8000,Group_A,0.6328,0,0.3603,Declined
APP-00983,US,US_Midwest,35-44,Student,51146,0.346,7.7,2,0.457,1,8.5,0.41,3900,Group_B,0.6706,1,0.3115,Declined
APP-00984,US,US_Midwest,45-54,Part-time,42215,0.373,14.3,1,0.578,0,0,0.713,6700,Group_B,0.6658,0,0.3471,Declined
APP-00985,EU,EU_West,35-44,Part-time,123535,0.421,12.9,3,0.311,1,8.7,0.611,25400,Group_A,0.8838,1,0.5795,Manual Review
APP-00986,US,US_Midwest,25-34,Full-time,84410,0.285,7.9,2,0.417,0,0,0.309,14800,Group_C,0.8737,1,0.5489,Manual Review
APP-00987,EU,EU_North,45-54,Full-time,111523,0.072,14.2,0,0.523,0,0,0.386,10600,Group_A,0.9873,1,0.5651,Manual Review
APP-00988,US,US_South,35-44,Full-time,85193,0.052,9.1,0,0.621,1,12.3,0.188,18300,Group_A,0.9871,1,0.6309,Approved
APP-00989,US,US_South,45-54,Full-time,77823,0.488,16.7,0,0.596,1,8.3,0.519,10600,Group_B,0.9783,1,0.6023,Approved
APP-00990,EU,EU_South,45-54,Full-time,79381,0.361,16.4,0,0.252,0,0,0.308,17800,Group_C,0.9704,1,0.5958,Approved
APP-00991,EU,EU_West,55+,Unemployed,28147,0.465,21.2,1,0.4,1,7.6,0.612,5900,Group_A,0.6956,1,0.3851,Declined
APP-00992,EU,EU_West,35-44,Full-time,96060,0.298,9.8,1,0.327,0,0,0.557,13200,Group_B,0.881,1,0.4992,Manual Review
APP-00993,US,US_West,25-34,Full-time,41013,0.213,4.2,1,0.533,1,4.1,0.441,5100,Group_B,0.9247,1,0.4298,Declined
APP-00994,EU,EU_North,35-44,Full-time,55620,0.119,12.2,0,0.253,1,8,0.366,12000,Group_A,0.9832,1,0.6025,Approved
APP-00995,US,US_West,18-24,Student,13381,0.449,1.8,0,0.199,0,0,0.591,2400,Group_A,0.478,1,0.2107,Declined
APP-00996,US,US_Midwest,55+,Full-time,193114,0.126,20.6,0,0.667,0,0,0.377,18200,Group_C,0.99,1,0.7003,Approved
APP-00997,EU,EU_West,18-24,Self-employed,59136,0.322,0,0,0.264,0,0,0.783,8400,Group_A,0.8811,0,0.4906,Manual Review
APP-00998,US,US_South,25-34,Student,37180,0.434,5,2,0.441,0,0,0.566,8700,Group_A,0.3319,1,0.2325,Declined
APP-00999,EU,EU_West,45-54,Full-time,59496,0.072,14.5,0,0.452,1,7.4,0.443,5100,Group_A,0.9229,1,0.603,Approved
APP-01000,US,US_South,35-44,Self-employed,101823,0.266,9.2,0,0.357,1,9.2,0.474,6800,Group_C,0.9775,1,0.6064,Approved
APP-01001,US,US_South,25-34,Full-time,59297,0.408,2.3,3,0.41,1,2.5,0.3,7100,Group_B,0.3653,1,0.0683,Declined
APP-01002,US,US_Midwest,35-44,Full-time,83300,0.287,7.6,0,0.966,0,0,0.352,6200,Group_B,0.8996,1,0.4882,Manual Review
APP-01003,EU,EU_South,45-54,Part-time,38631,0.101,12.7,0,0.266,1,11.1,0.199,2800,Group_A,0.9797,1,0.641,Approved
APP-01004,EU,EU_North,25-34,Part-time,42051,0.666,5.5,1,0.844,0,0,0.689,6700,Group_B,0.0981,0,0,Declined
APP-01005,EU,EU_South,45-54,Full-time,66317,0.304,13.6,1,0.325,1,9.2,0.577,5200,Group_B,0.8937,1,0.6078,Approved
APP-01006,EU,EU_West,18-24,Full-time,30296,0.031,0,0,0.57,0,0,0.682,3500,Group_B,0.8161,0,0.4429,Declined
APP-01007,EU,EU_West,45-54,Full-time,124356,0.497,13.2,0,0.298,1,3.9,0.538,24100,Group_C,0.9743,1,0.6055,Approved
APP-01008,EU,EU_South,45-54,Full-time,47934,0.068,16.7,0,0.172,0,0,0.367,7600,Group_A,0.9772,1,0.5677,Manual Review
APP-01009,US,US_West,25-34,Full-time,80574,0.294,3.1,0,0.631,1,0,0.448,8800,Group_B,0.9111,1,0.5478,Manual Review
APP-01010,US,US_Midwest,25-34,Full-time,101460,0.222,5,1,0.331,0,0,0.497,14400,Group_A,0.9607,1,0.5264,Manual Review
APP-01011,US,US_West,25-34,Full-time,50190,0.318,6.3,0,0.871,1,9.2,0.562,600,Group_A,0.7315,1,0.3346,Declined
APP-01012,EU,EU_North,35-44,Part-time,39067,0.525,11.8,2,0.541,1,6.2,0.377,7600,Group_A,0.2005,0,0,Declined
APP-01013,EU,EU_West,35-44,Full-time,81642,0.146,7.8,0,0.467,1,3.6,0.258,12400,Group_A,0.9737,1,0.6027,Approved
APP-01014,US,US_East,35-44,Full-time,102475,0.132,12.2,0,0.271,1,11,0.135,13600,Group_A,0.9789,1,0.6398,Approved
APP-01015,EU,EU_West,25-34,Full-time,58337,0.196,2.5,0,0.189,0,0,0.2,12600,Group_B,0.9446,1,0.5342,Manual Review
APP-01016,EU,EU_West,25-34,Student,39403,0.698,6.5,1,0.504,0,0,0.557,7400,Group_A,0.3177,0,0.1363,Declined
APP-01017,US,US_East,18-24,Full-time,94526,0.456,0.2,3,0.208,1,1.8,0.582,10400,Group_B,0.6515,0,0.3656,Declined
APP-01018,EU,EU_Central,25-34,Full-time,59333,0.196,5.3,0,0.533,0,0,0.557,13400,Group_A,0.9066,1,0.481,Manual Review
APP-01019,EU,EU_West,35-44,Full-time,41715,0.134,8.7,2,0.251,1,9.5,0.115,9000,Group_A,0.727,1,0.3787,Declined
APP-01020,US,US_Midwest,45-54,Part-time,72862,0.248,13.2,2,0.436,1,9.8,0.316,16900,Group_B,0.8951,1,0.4447,Declined
APP-01021,EU,EU_West,35-44,Full-time,192519,0.617,14.6,2,0.632,0,0,0.566,13500,Group_A,0.984,1,0.5902,Approved
APP-01022,US,US_South,25-34,Part-time,55708,0.306,3.5,0,0.306,1,0.7,0.36,12200,Group_A,0.8494,1,0.4103,Declined
APP-01023,EU,EU_North,55+,Unemployed,16566,0.376,22.5,0,0.504,1,10.3,0.343,4500,Group_B,0.818,1,0.4671,Declined
APP-01024,EU,EU_West,45-54,Part-time,56700,0.559,15.4,0,0.472,1,6.4,0.468,11200,Group_A,0.826,1,0.4463,Declined
APP-01025,EU,EU_North,55+,Self-employed,45487,0.228,21.1,2,0.321,1,6.7,0.267,4900,Group_A,0.9731,1,0.5595,Manual Review
APP-01026,US,US_West,35-44,Full-time,120541,0.214,8.6,1,0.422,0,0,0.178,11700,Group_A,0.9847,1,0.6337,Approved
APP-01027,EU,EU_South,25-34,Full-time,37886,0.126,3.8,0,0.274,1,3,0.234,3500,Group_C,0.8523,1,0.434,Declined
APP-01028,EU,EU_West,18-24,Unemployed,14617,0.373,0,2,0.789,0,0,0.483,2500,Group_B,0.2272,0,0,Declined
APP-01029,US,US_South,45-54,Full-time,51071,0.292,11.5,1,0.203,1,6.1,0.39,5400,Group_B,0.9459,1,0.5331,Manual Review
APP-01030,EU,EU_North,25-34,Full-time,66161,0.285,3.8,2,0.402,0,0,0.179,5500,Group_B,0.8142,0,0.4014,Declined
APP-01031,US,US_West,25-34,Self-employed,57733,0.131,5.6,0,0.169,0,0,0.463,11900,Group_A,0.9331,1,0.5506,Manual Review
APP-01032,EU,EU_South,35-44,Full-time,97733,0.444,15.1,2,0.908,1,6.4,0.292,15300,Group_A,0.8164,1,0.3999,Declined
APP-01033,US,US_West,35-44,Self-employed,69767,0.377,6.2,1,0.752,0,0,0.419,11100,Group_B,0.8637,0,0.4561,Declined
APP-01034,US,US_South,35-44,Self-employed,52865,0.309,11.2,4,0.7,1,3.6,0.294,11600,Group_A,0.6924,1,0.3,Declined
APP-01035,US,US_West,25-34,Full-time,98864,0.263,7,1,0.116,0,0,0.774,14700,Group_A,0.9443,1,0.5294,Manual Review
APP-01036,EU,EU_South,25-34,Part-time,45670,0.399,4.1,0,0.563,0,0,0.906,6300,Group_A,0.5834,1,0.3063,Declined
APP-01037,US,US_East,35-44,Full-time,57851,0.28,12.5,1,0.378,0,0,0.219,7700,Group_A,0.8945,1,0.5073,Manual Review
APP-01038,EU,EU_Central,55+,Full-time,210851,0.114,19.1,1,0.564,0,0,0.334,30000,Group_C,0.99,1,0.6445,Approved
APP-01039,US,US_South,45-54,Full-time,118651,0.376,10.5,1,0.453,1,8,0.343,14300,Group_A,0.9798,1,0.5376,Manual Review
APP-01040,US,US_East,55+,Self-employed,70231,0.176,22.5,0,0.316,0,0,0.305,8900,Group_A,0.9686,1,0.6007,Approved
APP-01041,US,US_East,45-54,Part-time,113337,0.624,13.5,1,0.652,0,0,0.538,13600,Group_A,0.8728,1,0.437,Declined
APP-01042,EU,EU_West,35-44,Full-time,192968,0.232,7.7,0,0.567,0,0,0.106,30000,Group_C,0.99,1,0.6244,Approved
APP-01043,US,US_South,25-34,Self-employed,63769,0.353,8,2,0.444,0,0,0.26,7400,Group_A,0.7745,1,0.4016,Declined
APP-01044,EU,EU_West,35-44,Full-time,105534,0.244,10.2,0,0.56,0,0,0.305,17400,Group_A,0.983,1,0.5428,Manual Review
APP-01045,EU,EU_North,35-44,Student,21085,0.225,10.8,0,0.369,1,8.3,0.157,5300,Group_B,0.8901,1,0.5152,Manual Review
APP-01046,EU,EU_West,35-44,Full-time,70799,0.192,11.5,0,0.486,1,8.4,0.307,12100,Group_B,0.9787,1,0.5278,Manual Review
APP-01047,US,US_West,35-44,Part-time,51669,0.258,9.6,1,0.853,1,6.1,0.281,12800,Group_A,0.4992,1,0.2915,Declined
APP-01048,US,US_Midwest,35-44,Full-time,98089,0.329,12.7,1,0.436,1,6.9,0.352,19500,Group_A,0.9741,1,0.5632,Manual Review
APP-01049,EU,EU_Central,25-34,Full-time,86608,0.473,4.8,2,0.706,1,8.3,0.378,18700,Group_A,0.7751,1,0.3576,Declined
APP-01050,US,US_Midwest,35-44,Full-time,116120,0.097,15.9,1,0.48,0,0,0.518,10600,Group_A,0.9872,1,0.6438,Approved
APP-01051,EU,EU_Central,25-34,Student,36078,0.229,5,1,0.33,0,0,0.383,5300,Group_A,0.576,0,0.3035,Declined
APP-01052,US,US_Midwest,45-54,Full-time,55532,0.742,18.3,3,0.609,1,12.6,0.604,10500,Group_A,0.7815,1,0.416,Declined
APP-01053,EU,EU_West,25-34,Student,21251,0.116,8.4,0,0.256,1,5.6,0.181,6800,Group_A,0.8921,1,0.422,Declined
APP-01054,EU,EU_West,18-24,Full-time,39896,0.269,3.2,0,0.298,0,0,0.38,10700,Group_A,0.7073,1,0.3975,Declined
APP-01055,EU,EU_South,25-34,Full-time,55037,0.119,2.8,1,0.326,1,2.6,0.302,6800,Group_B,0.8317,1,0.4389,Declined
APP-01056,US,US_South,35-44,Full-time,135173,0.083,9.7,1,0.151,1,4.9,0.294,23800,Group_C,0.99,1,0.645,Approved
APP-01057,EU,EU_Central,25-34,Part-time,23183,0.611,0,2,0.647,1,3.6,0.527,2600,Group_B,0.1432,0,0,Declined
APP-01058,US,US_East,25-34,Full-time,63485,0.276,7,3,0.381,0,0,0.578,8800,Group_A,0.6633,0,0.4061,Declined
APP-01059,US,US_East,35-44,Student,60259,0.419,11.8,2,0.874,1,6.4,0.53,9900,Group_A,0.5997,0,0.2108,Declined
APP-01060,EU,EU_West,25-34,Student,26438,0.242,5.8,2,0.275,1,6.7,0.446,500,Group_C,0.7452,1,0.4514,Declined
APP-01061,EU,EU_Central,55+,Unemployed,39672,0.642,14.5,2,0.82,0,0,0.525,5500,Group_A,0.3428,0,0.1492,Declined
APP-01062,EU,EU_Central,55+,Full-time,77396,0.408,18.2,0,0.965,1,7.4,0.489,15200,Group_A,0.8856,1,0.4911,Manual Review
APP-01063,EU,EU_South,35-44,Self-employed,77529,0.362,7.2,2,0.53,1,4.8,0.692,13100,Group_B,0.6256,1,0.2715,Declined
APP-01064,US,US_West,25-34,Part-time,35302,0.248,4.9,0,0.35,0,0,0.474,8500,Group_B,0.7274,1,0.3216,Declined
APP-01065,US,US_Midwest,45-54,Full-time,108348,0.568,14.4,0,0.518,1,12.4,0.388,20100,Group_B,0.9594,1,0.5314,Manual Review
APP-01066,EU,EU_North,18-24,Self-employed,23241,0.113,2.1,1,0.581,0,0,0.481,7900,Group_A,0.2319,0,0.111,Declined
APP-01067,US,US_West,35-44,Full-time,76647,0.255,12.4,0,0.494,1,11.4,0.304,15100,Group_A,0.9539,1,0.555,Manual Review
APP-01068,US,US_Midwest,25-34,Full-time,79528,0.049,3.2,0,0.122,1,1.5,0.432,8300,Group_C,0.9604,1,0.6027,Approved
APP-01069,US,US_East,55+,Full-time,104783,0.564,22.3,1,0.333,0,0,0.422,16500,Group_A,0.958,1,0.5268,Manual Review
APP-01070,US,US_East,18-24,Full-time,83710,0.28,1.3,3,0.759,0,0,0.228,12800,Group_B,0.7192,1,0.3485,Declined
APP-01071,US,US_South,35-44,Full-time,63441,0.125,9.6,0,0.106,1,9.3,0.692,13000,Group_B,0.8747,1,0.5808,Approved
APP-01072,US,US_South,45-54,Full-time,156168,0.099,13.4,0,0.241,1,9.5,0.54,24200,Group_B,0.99,1,0.7275,Approved
APP-01073,US,US_West,35-44,Self-employed,61263,0.474,15,2,0.793,0,0,0.694,13700,Group_A,0.7304,1,0.3196,Declined
APP-01074,US,US_Midwest,18-24,Full-time,92763,0.14,3.6,0,0.408,1,2.2,0.316,19000,Group_A,0.9438,1,0.5349,Manual Review
APP-01075,EU,EU_North,55+,Full-time,99780,0.053,16.7,0,0.657,0,0,0.267,10400,Group_B,0.9715,0,0.5892,Approved
APP-01076,US,US_South,35-44,Full-time,55849,0.212,10.5,0,0.488,0,0,0.536,6200,Group_C,0.8568,1,0.4606,Declined
APP-01077,US,US_South,35-44,Full-time,96725,0.729,11.7,2,0.486,1,5.4,0.322,16900,Group_C,0.8676,1,0.4938,Manual Review
APP-01078,EU,EU_South,25-34,Self-employed,66528,0.204,5.2,2,0.402,1,1.2,0.485,8300,Group_A,0.7605,1,0.5295,Manual Review
APP-01079,US,US_South,35-44,Full-time,119607,0.676,13.4,0,0.355,1,7.5,0.442,28000,Group_A,0.9533,1,0.5125,Manual Review
APP-01080,EU,EU_West,25-34,Part-time,39406,0.655,6.3,1,0.612,0,0,0.462,9700,Group_C,0.4172,0,0.1734,Declined
APP-01081,EU,EU_West,18-24,Full-time,37236,0.388,0,1,0.523,0,0,0.282,5200,Group_B,0.5715,0,0.2638,Declined
APP-01082,US,US_West,18-24,Part-time,55202,0.221,2.2,1,0.095,1,0,0.703,6800,Group_C,0.5912,1,0.3464,Declined
APP-01083,US,US_West,45-54,Full-time,91594,0.338,15.1,0,0.249,0,0,0.533,15500,Group_A,0.9721,1,0.6494,Approved
APP-01084,EU,EU_South,25-34,Full-time,90642,0.261,5.5,1,0.15,0,0,0.244,5000,Group_B,0.864,1,0.5261,Manual Review
APP-01085,EU,EU_West,25-34,Self-employed,51555,0.404,6.4,2,0.61,1,9.7,0.298,9500,Group_B,0.8054,0,0.311,Declined
APP-01086,US,US_East,35-44,Full-time,160144,0.175,9.2,0,0.633,1,5.1,0.106,17100,Group_B,0.99,1,0.5613,Manual Review
APP-01087,EU,EU_North,45-54,Self-employed,64429,0.185,19.7,2,0.209,0,0,0.509,10800,Group_A,0.9179,1,0.5241,Manual Review
APP-01088,US,US_South,18-24,Self-employed,35333,0.387,2.1,1,0.146,0,0,0.956,6000,Group_A,0.6519,1,0.3024,Declined
APP-01089,EU,EU_West,35-44,Full-time,150221,0.351,10.2,1,0.554,1,6.3,0.405,17900,Group_B,0.9748,1,0.5826,Approved
APP-01090,US,US_Midwest,18-24,Full-time,41760,0.02,4.3,0,0.345,1,7.8,0.107,8800,Group_A,0.9356,1,0.52,Manual Review
APP-01091,EU,EU_North,18-24,Full-time,104861,0.393,2.3,1,0.689,0,0,0.473,23400,Group_A,0.7695,1,0.3289,Declined
APP-01092,EU,EU_West,18-24,Student,30926,0.341,3.2,0,0.359,0,0,0.373,2500,Group_C,0.6139,0,0.2429,Declined
APP-01093,EU,EU_North,45-54,Self-employed,81551,0.15,14.7,2,0.391,0,0,0.365,2800,Group_A,0.9313,1,0.473,Declined
APP-01094,US,US_South,18-24,Full-time,18907,0.528,0,0,0.332,1,0,0.512,4800,Group_B,0.4782,0,0.1346,Declined
APP-01095,US,US_Midwest,18-24,Full-time,50575,0.197,0,0,0.719,0,0,0.136,7800,Group_A,0.7612,1,0.4161,Declined
APP-01096,US,US_South,25-34,Self-employed,59727,0.325,4.8,0,0.726,1,6.3,0.781,6800,Group_B,0.7879,1,0.3898,Declined
APP-01097,US,US_West,45-54,Part-time,94612,0.478,15.7,3,0.79,1,7.3,0.539,7300,Group_C,0.8929,1,0.4388,Declined
APP-01098,US,US_East,25-34,Full-time,152391,0.179,9.1,1,0.33,1,8.4,0.378,23400,Group_A,0.9737,1,0.5437,Manual Review
APP-01099,EU,EU_Central,25-34,Full-time,54784,0.02,8.2,1,0.37,1,8.5,0.176,7300,Group_A,0.9849,1,0.5281,Manual Review
APP-01100,US,US_West,18-24,Student,31810,0.199,1.9,1,0.116,0,0,0.196,7700,Group_A,0.6259,0,0.3604,Declined
APP-01101,US,US_Midwest,35-44,Full-time,127375,0.426,8.4,2,0.373,1,6.5,0.401,8500,Group_A,0.9496,1,0.5708,Manual Review
APP-01102,EU,EU_South,35-44,Full-time,122623,0.131,9.8,0,0.184,0,0,0.239,19800,Group_B,0.99,1,0.6251,Approved
APP-01103,EU,EU_West,35-44,Unemployed,41258,0.498,12.4,3,0.548,0,0,0.707,9700,Group_C,0.3565,1,0.1403,Declined
APP-01104,EU,EU_South,25-34,Self-employed,28405,0.34,8.2,0,0.578,0,0,0.302,5400,Group_A,0.7699,0,0.3201,Declined
APP-01105,EU,EU_West,25-34,Full-time,69526,0.324,8.9,1,0.554,0,0,0.618,12500,Group_A,0.9126,1,0.4653,Declined
APP-01106,US,US_West,18-24,Full-time,30329,0.221,2,1,0.47,0,0,0.114,3100,Group_A,0.6422,1,0.3361,Declined
APP-01107,US,US_East,25-34,Full-time,57046,0.156,3.3,0,0.458,1,1.8,0.378,9100,Group_B,0.941,1,0.4891,Manual Review
APP-01108,EU,EU_Central,18-24,Full-time,79294,0.176,0.9,0,0.478,0,0,0.164,11300,Group_A,0.8209,1,0.5186,Manual Review
APP-01109,EU,EU_West,45-54,Student,40028,0.36,13.7,1,0.491,1,7.1,0.238,6500,Group_B,0.8555,0,0.5107,Manual Review
APP-01110,US,US_South,55+,Full-time,115786,0.569,18.6,0,0.423,0,0,0.468,15200,Group_B,0.9818,1,0.575,Manual Review
APP-01111,EU,EU_Central,55+,Part-time,50432,0.541,19.3,0,0.33,0,0,0.481,7800,Group_B,0.9325,1,0.5228,Manual Review
APP-01112,US,US_Midwest,45-54,Student,23211,0.202,15.7,0,0.467,0,0,0.876,3600,Group_A,0.8508,1,0.5692,Manual Review
APP-01113,US,US_Midwest,35-44,Full-time,24330,0.473,8.5,0,0.26,1,6,0.371,7400,Group_B,0.8129,0,0.4589,Declined
APP-01114,US,US_West,35-44,Full-time,96512,0.27,9.3,0,0.522,0,0,0.447,14800,Group_A,0.9428,1,0.5513,Manual Review
APP-01115,EU,EU_West,25-34,Full-time,67720,0.472,8.6,1,0.722,0,0,0.296,14300,Group_A,0.709,0,0.3613,Declined
APP-01116,EU,EU_North,35-44,Student,23598,0.324,10.2,2,0.317,0,0,0.472,6200,Group_C,0.4602,0,0.2376,Declined
APP-01117,US,US_Midwest,35-44,Part-time,22033,0.55,8.4,2,0.604,0,0,0.504,5400,Group_B,0.1273,0,0,Declined
APP-01118,EU,EU_Central,35-44,Full-time,64849,0.544,9.4,1,0.773,1,10.1,0.222,13800,Group_A,0.9269,1,0.4203,Declined
APP-01119,US,US_South,45-54,Self-employed,80102,0.425,13.1,1,0.217,0,0,0.659,3200,Group_A,0.9387,1,0.5332,Manual Review
APP-01120,US,US_South,25-34,Full-time,100614,0.478,9.4,2,0.369,0,0,0.652,22600,Group_A,0.8646,1,0.4277,Declined
APP-01121,EU,EU_Central,25-34,Student,35291,0.463,7.7,2,0.328,0,0,0.472,4400,Group_A,0.564,1,0.3025,Declined
APP-01122,EU,EU_North,55+,Full-time,169925,0.35,17.4,0,0.372,1,5.7,0.77,23300,Group_A,0.99,1,0.6517,Approved
APP-01123,EU,EU_South,18-24,Full-time,32013,0.02,4.2,2,0.442,1,4.5,0.289,5800,Group_A,0.6495,0,0.3724,Declined
APP-01124,EU,EU_Central,35-44,Student,58339,0.567,13,3,0.712,1,6.6,0.478,8100,Group_A,0.5979,0,0.2267,Declined
APP-01125,EU,EU_North,55+,Full-time,70555,0.155,19.1,2,0.12,0,0,0.276,4100,Group_B,0.9835,1,0.672,Approved
APP-01126,EU,EU_Central,35-44,Full-time,103408,0.366,12.3,0,0.426,0,0,0.277,14900,Group_B,0.9523,1,0.6188,Approved
APP-01127,US,US_West,35-44,Full-time,62156,0.416,9.3,1,0.206,1,7.6,0.485,18600,Group_B,0.748,1,0.3578,Declined
APP-01128,US,US_Midwest,25-34,Full-time,120772,0.446,3.4,2,0.866,0,0,0.449,27100,Group_A,0.6318,0,0.2936,Declined
APP-01129,US,US_South,25-34,Full-time,79480,0.383,6.3,1,0.844,0,0,0.643,13600,Group_C,0.7236,1,0.3454,Declined
APP-01130,US,US_South,45-54,Unemployed,23130,0.375,14.3,1,0.385,1,9,0.279,3700,Group_B,0.5396,1,0.2285,Declined
APP-01131,EU,EU_West,35-44,Full-time,75239,0.182,7.5,0,0.153,1,6.1,0.465,3700,Group_B,0.9628,1,0.5665,Manual Review
APP-01132,US,US_South,35-44,Full-time,67916,0.444,10.1,4,0.385,1,4.2,0.251,6700,Group_B,0.5765,1,0.3158,Declined
APP-01133,US,US_Midwest,18-24,Self-employed,54181,0.475,0,1,0.242,1,3.8,0.54,8900,Group_C,0.6201,1,0.2854,Declined
APP-01134,US,US_West,18-24,Full-time,30002,0.245,4.7,0,0.428,1,5.9,0.317,7400,Group_A,0.7783,1,0.3377,Declined
APP-01135,EU,EU_South,55+,Full-time,81331,0.083,19.1,0,0.348,1,8.5,0.058,9200,Group_A,0.99,1,0.6611,Approved
APP-01136,US,US_Midwest,25-34,Part-time,46742,0.361,2.1,0,0.606,0,0,0.282,2700,Group_B,0.7182,0,0.3183,Declined
APP-01137,EU,EU_South,35-44,Student,33382,0.507,8.5,1,0.394,1,8.5,0.822,3900,Group_B,0.395,0,0.1523,Declined
APP-01138,US,US_West,18-24,Self-employed,71571,0.191,1.3,1,0.248,1,0,0.397,5300,Group_B,0.8785,1,0.558,Manual Review
APP-01139,US,US_West,35-44,Self-employed,116751,0.352,11.4,2,0.312,0,0,0.607,12700,Group_A,0.8766,1,0.5427,Manual Review
APP-01140,EU,EU_South,55+,Full-time,82135,0.142,19.4,0,0.223,0,0,0.344,17400,Group_A,0.9871,1,0.6019,Approved
APP-01141,EU,EU_North,35-44,Unemployed,38937,0.289,9.9,3,0.454,0,0,0.415,3700,Group_A,0.3953,0,0.143,Declined
APP-01142,US,US_East,25-34,Full-time,79496,0.242,3,0,0.517,1,0.5,0.158,7900,Group_C,0.9405,1,0.5557,Manual Review
APP-01143,EU,EU_Central,35-44,Part-time,56786,0.604,8.3,0,0.63,1,6.1,0.955,7400,Group_B,0.6607,0,0.3562,Declined
APP-01144,EU,EU_North,45-54,Full-time,42108,0.353,18.4,0,0.67,0,0,0.494,10100,Group_A,0.9446,1,0.5026,Manual Review
APP-01145,US,US_South,25-34,Student,28305,0.414,6.5,2,0.512,0,0,0.601,5800,Group_A,0.3192,0,0.0697,Declined
APP-01146,EU,EU_North,45-54,Self-employed,44827,0.775,17.9,0,0.538,1,7,0.491,7400,Group_A,0.7063,1,0.3758,Declined
APP-01147,EU,EU_North,35-44,Part-time,93753,0.55,13.2,1,0.829,1,5.9,0.629,4600,Group_C,0.9013,0,0.5008,Manual Review
APP-01148,EU,EU_North,55+,Full-time,67203,0.294,17.5,2,0.516,0,0,0.133,10500,Group_B,0.9247,1,0.5145,Manual Review
APP-01149,EU,EU_North,35-44,Full-time,69344,0.259,8.4,0,0.169,0,0,0.131,8200,Group_B,0.9711,1,0.5274,Manual Review
APP-01150,EU,EU_North,25-34,Self-employed,101925,0.435,11.3,1,0.696,0,0,0.512,12800,Group_A,0.8691,1,0.4816,Manual Review
APP-01151,EU,EU_North,25-34,Part-time,47314,0.467,7.5,3,0.256,0,0,0.36,5800,Group_B,0.2533,0,0.1266,Declined
APP-01152,EU,EU_North,25-34,Full-time,44870,0.057,2.8,0,0.226,1,7.5,0.183,10400,Group_A,0.9844,1,0.5388,Manual Review
APP-01153,EU,EU_West,55+,Unemployed,26178,0.356,19.7,1,0.602,0,0,0.403,2700,Group_B,0.5866,0,0.3275,Declined
APP-01154,EU,EU_North,45-54,Student,35804,0.165,16,0,0.332,0,0,0.284,6100,Group_A,0.8283,1,0.5066,Manual Review
APP-01155,EU,EU_West,35-44,Full-time,41168,0.084,12.8,1,0.185,1,6.6,0.13,4500,Group_A,0.9707,1,0.6214,Approved
APP-01156,EU,EU_West,25-34,Part-time,28678,0.296,2.7,1,0.349,0,0,0.813,4300,Group_B,0.3032,1,0.114,Declined
APP-01157,US,US_South,25-34,Full-time,64075,0.224,3.7,1,0.601,1,1.4,0.28,10100,Group_C,0.7999,1,0.3734,Declined
APP-01158,EU,EU_South,45-54,Full-time,90927,0.149,14.5,0,0.236,0,0,0.235,20400,Group_A,0.9859,1,0.6184,Approved
APP-01159,EU,EU_South,35-44,Full-time,38825,0.218,7.5,1,0.308,0,0,0.186,3700,Group_B,0.8107,1,0.512,Manual Review
APP-01160,US,US_West,25-34,Self-employed,114311,0.355,8.3,0,0.886,0,0,0.481,17800,Group_A,0.9034,1,0.4276,Declined
APP-01161,EU,EU_Central,35-44,Part-time,53973,0.309,8.4,0,0.362,0,0,0.85,3500,Group_A,0.9115,1,0.4151,Declined
APP-01162,US,US_Midwest,18-24,Full-time,51886,0.472,1.1,2,0.373,0,0,0.407,9600,Group_A,0.4617,1,0.1973,Declined
APP-01163,US,US_South,25-34,Self-employed,81529,0.407,2.6,2,0.883,0,0,0.765,11300,Group_A,0.333,0,0.107,Declined
APP-01164,EU,EU_North,35-44,Self-employed,57806,0.364,13.2,0,0.56,1,3.1,0.514,4800,Group_A,0.9411,1,0.5133,Manual Review
APP-01165,US,US_South,25-34,Self-employed,83599,0.445,9.3,1,0.728,0,0,0.429,15300,Group_A,0.7028,1,0.3562,Declined
APP-01166,EU,EU_Central,55+,Full-time,69864,0.084,20.3,0,0.309,0,0,0.051,14900,Group_A,0.9868,1,0.6678,Approved
APP-01167,EU,EU_Central,25-34,Student,20212,0.474,4.8,1,0.561,1,3.2,0.441,1600,Group_C,0.2614,1,0.0727,Declined
APP-01168,US,US_East,25-34,Full-time,96515,0.128,7.5,0,0.711,0,0,0.306,15100,Group_A,0.9626,1,0.5851,Approved
APP-01169,US,US_West,25-34,Full-time,122275,0.535,7.5,2,0.716,1,10.3,0.293,14800,Group_B,0.9083,1,0.3851,Declined
APP-01170,US,US_West,45-54,Full-time,132683,0.258,16.9,1,0.516,0,0,0.308,24100,Group_A,0.9862,1,0.5965,Approved
APP-01171,EU,EU_West,25-34,Full-time,94667,0.211,2.8,0,0.301,0,0,0.193,15700,Group_B,0.9565,1,0.5234,Manual Review
APP-01172,EU,EU_Central,35-44,Student,31047,0.62,7.4,0,0.528,0,0,0.428,3000,Group_A,0.5975,0,0.1799,Declined
APP-01173,EU,EU_West,18-24,Full-time,24859,0.334,0,0,0.572,0,0,0.247,7300,Group_A,0.6803,0,0.3164,Declined
APP-01174,US,US_East,18-24,Part-time,62455,0.28,2.7,1,0.337,1,0.3,0.417,7400,Group_A,0.6259,1,0.3303,Declined
APP-01175,EU,EU_West,35-44,Full-time,227519,0.547,9.6,0,0.407,0,0,0.286,20200,Group_A,0.99,0,0.629,Approved
APP-01176,US,US_East,45-54,Full-time,191723,0.549,16.4,1,0.697,1,7.1,0.694,30000,Group_A,0.99,1,0.6103,Approved
APP-01177,EU,EU_West,45-54,Unemployed,26999,0.438,12.6,1,0.676,1,8.3,0.549,2500,Group_B,0.4118,1,0.1871,Declined
APP-01178,US,US_South,18-24,Part-time,17731,0.11,0,0,0.352,0,0,0.22,3900,Group_C,0.7268,1,0.4134,Declined
APP-01179,EU,EU_South,35-44,Full-time,46830,0.262,6.2,2,0.271,1,7.5,0.227,3400,Group_B,0.8856,1,0.5036,Manual Review
APP-01180,US,US_East,55+,Full-time,32376,0.418,22.2,2,0.725,0,0,0.303,7900,Group_B,0.5161,0,0.2807,Declined
APP-01181,EU,EU_North,25-34,Full-time,71046,0.174,8.5,0,0.453,1,6.8,0.453,7900,Group_A,0.9415,1,0.6348,Approved
APP-01182,US,US_West,45-54,Full-time,197225,0.075,19.8,0,0.195,1,7.9,0.407,22100,Group_A,0.99,0,0.6975,Approved
APP-01183,EU,EU_West,25-34,Part-time,43800,0.347,7.7,1,0.87,0,0,0.301,4200,Group_A,0.5339,0,0.1842,Declined
APP-01184,EU,EU_South,55+,Part-time,59116,0.233,20.1,0,0.552,0,0,0.743,7500,Group_A,0.9068,1,0.5881,Approved
APP-01185,US,US_South,45-54,Full-time,177827,0.391,18.9,0,0.313,0,0,0.345,30000,Group_A,0.99,1,0.7429,Approved
APP-01186,EU,EU_South,55+,Student,29874,0.127,20.9,1,0.222,0,0,0.316,5300,Group_A,0.9569,1,0.5553,Manual Review
APP-01187,EU,EU_South,35-44,Self-employed,205968,0.549,11.5,1,0.399,0,0,0.468,30000,Group_A,0.9857,1,0.6849,Approved
APP-01188,US,US_East,25-34,Full-time,182744,0.423,6.4,1,0.549,1,7.2,0.345,30000,Group_A,0.99,1,0.5779,Manual Review
APP-01189,US,US_South,55+,Full-time,65112,0.101,12.3,0,0.239,0,0,0.28,8800,Group_B,0.9051,1,0.5792,Manual Review
APP-01190,EU,EU_Central,25-34,Self-employed,43999,0.212,7.8,0,0.497,0,0,0.311,7600,Group_B,0.6616,1,0.3857,Declined
APP-01191,US,US_South,25-34,Full-time,102044,0.205,7.6,1,0.479,0,0,0.244,19600,Group_A,0.9327,1,0.5181,Manual Review
APP-01192,EU,EU_West,35-44,Full-time,72047,0.519,10.7,1,0.345,0,0,0.307,10000,Group_C,0.8178,0,0.5232,Manual Review
APP-01193,US,US_South,45-54,Full-time,53109,0.143,14.9,1,0.312,0,0,0.187,9200,Group_C,0.9296,1,0.6308,Approved
APP-01194,EU,EU_Central,55+,Full-time,146685,0.185,21.4,0,0.299,0,0,0.275,30000,Group_A,0.99,1,0.6362,Approved
APP-01195,US,US_South,25-34,Part-time,80703,0.481,5.2,0,0.453,0,0,0.406,16300,Group_A,0.7245,1,0.3959,Declined
APP-01196,EU,EU_West,45-54,Full-time,102696,0.259,17.4,2,0.245,0,0,0.516,21000,Group_A,0.9593,0,0.6344,Approved
APP-01197,EU,EU_South,45-54,Full-time,50628,0.239,12.1,1,0.287,1,3.7,0.406,8800,Group_C,0.8795,1,0.4306,Declined
APP-01198,EU,EU_Central,18-24,Part-time,17143,0.202,1.9,0,0.235,1,4.2,0.428,3700,Group_C,0.7893,1,0.4145,Declined
APP-01199,EU,EU_South,25-34,Student,34021,0.474,7.7,1,0.51,0,0,0.55,5400,Group_A,0.4648,1,0.1438,Declined
APP-01200,US,US_Midwest,25-34,Unemployed,23300,0.656,6.1,0,0.514,1,3.7,0.794,5400,Group_A,0.282,1,0.1121,Declined
APP-01201,EU,EU_Central,25-34,Full-time,53599,0.445,5.1,1,0.756,0,0,0.515,8700,Group_B,0.5639,0,0.2557,Declined
APP-01202,US,US_West,55+,Full-time,130531,0.23,18.8,0,0.665,1,6.8,0.441,18100,Group_A,0.99,1,0.6082,Approved
APP-01203,US,US_Midwest,35-44,Full-time,125541,0.295,8.9,1,0.445,0,0,0.159,13000,Group_A,0.9599,1,0.5101,Manual Review
APP-01204,US,US_West,45-54,Full-time,166162,0.19,15.5,0,0.536,1,10,0.224,17500,Group_C,0.99,1,0.6269,Approved
APP-01205,US,US_South,55+,Student,19229,0.529,20.3,0,0.605,1,8.4,0.5,3500,Group_B,0.6559,0,0.3631,Declined
APP-01206,EU,EU_West,25-34,Full-time,53548,0.397,0.2,2,0.285,1,2.9,0.514,4500,Group_B,0.5604,1,0.2668,Declined
APP-01207,EU,EU_North,45-54,Full-time,125755,0.32,16.1,0,0.383,1,7.3,0.452,8900,Group_C,0.99,1,0.6718,Approved
APP-01208,US,US_Midwest,25-34,Full-time,76452,0.249,3.1,1,0.402,1,6.5,0.253,11400,Group_B,0.9434,1,0.563,Manual Review
APP-01209,US,US_South,45-54,Full-time,190826,0.229,15.6,2,0.486,0,0,0.158,23300,Group_A,0.99,1,0.6967,Approved
APP-01210,EU,EU_South,25-34,Part-time,47276,0.302,1.4,1,0.409,1,4,0.452,13100,Group_B,0.7527,1,0.3596,Declined
APP-01211,US,US_South,55+,Full-time,189309,0.285,19.1,0,0.573,0,0,0.189,30000,Group_A,0.99,1,0.6785,Approved
APP-01212,US,US_South,25-34,Full-time,79681,0.266,6.4,0,0.275,0,0,0.336,14900,Group_B,0.9299,1,0.5013,Manual Review
APP-01213,US,US_East,25-34,Full-time,120256,0.173,6.6,1,0.723,0,0,0.259,14800,Group_A,0.8409,1,0.4353,Declined
APP-01214,EU,EU_North,45-54,Full-time,69379,0.81,13,1,0.696,1,7.2,0.342,12700,Group_B,0.6983,0,0.3798,Declined
APP-01215,EU,EU_West,25-34,Full-time,75044,0.02,6.2,1,0.501,0,0,0.417,8600,Group_A,0.8882,1,0.4647,Declined
APP-01216,US,US_West,35-44,Self-employed,124170,0.362,12.1,0,0.217,1,8.1,0.658,19800,Group_A,0.9341,1,0.5359,Manual Review
APP-01217,US,US_Midwest,35-44,Full-time,186521,0.039,12,0,0.417,1,5.6,0.262,20300,Group_A,0.99,1,0.6817,Approved
APP-01218,EU,EU_Central,45-54,Self-employed,121386,0.278,15.8,2,0.745,0,0,0.365,19800,Group_A,0.9336,1,0.5385,Manual Review
APP-01219,EU,EU_Central,25-34,Student,26172,0.562,6.7,2,0.389,0,0,0.678,4700,Group_B,0.0791,1,0,Declined
APP-01220,US,US_East,18-24,Student,34551,0.278,2.4,2,0.483,1,1.1,0.463,2700,Group_B,0.403,1,0.2646,Declined
APP-01221,EU,EU_West,25-34,Unemployed,12000,0.18,7.4,2,0.397,1,10.1,0.33,3300,Group_A,0.7653,1,0.3501,Declined
APP-01222,US,US_Midwest,35-44,Full-time,47593,0.319,11.1,1,0.409,0,0,0.496,3300,Group_A,0.9373,1,0.5342,Manual Review
APP-01223,US,US_Midwest,25-34,Full-time,101330,0.117,7.9,0,0.358,0,0,0.208,16200,Group_A,0.9788,1,0.5987,Approved
APP-01224,EU,EU_West,25-34,Full-time,75038,0.079,7.2,0,0.142,0,0,0.742,10100,Group_A,0.9567,1,0.6239,Approved
APP-01225,US,US_South,25-34,Student,42573,0.292,8.8,0,0.534,0,0,0.418,4600,Group_A,0.8766,1,0.4384,Declined
APP-01226,EU,EU_Central,18-24,Unemployed,19180,0.755,3.5,4,0.455,0,0,0.75,4600,Group_C,0.0293,0,0,Declined
APP-01227,US,US_West,35-44,Student,50740,0.282,8.8,2,0.543,1,10.4,0.761,5800,Group_A,0.7385,1,0.3894,Declined
APP-01228,US,US_South,45-54,Full-time,66374,0.142,13.6,0,0.566,1,6,0.298,7800,Group_A,0.9815,1,0.5156,Manual Review
APP-01229,EU,EU_North,25-34,Unemployed,37716,0.338,5,1,0.338,1,4.2,0.275,8300,Group_A,0.449,0,0.1496,Declined
APP-01230,US,US_South,35-44,Full-time,141201,0.067,13.1,0,0.406,0,0,0.145,21900,Group_A,0.99,1,0.6472,Approved
APP-01231,EU,EU_North,35-44,Full-time,156327,0.182,7.5,0,0.81,0,0,0.384,9800,Group_A,0.9761,1,0.6413,Approved
APP-01232,US,US_East,25-34,Full-time,154643,0.566,5.2,1,0.566,1,7.1,0.474,8800,Group_B,0.9412,1,0.5191,Manual Review
APP-01233,US,US_South,35-44,Full-time,100740,0.085,11.8,2,0.331,1,8,0.129,14100,Group_A,0.9804,1,0.5908,Approved
APP-01234,US,US_West,25-34,Full-time,84344,0.094,9.1,0,0.261,0,0,0.394,17600,Group_A,0.9841,1,0.6466,Approved
APP-01235,EU,EU_South,35-44,Full-time,45480,0.371,11.4,3,0.468,1,10,0.478,2200,Group_A,0.7827,1,0.3981,Declined
APP-01236,US,US_West,18-24,Full-time,40166,0.393,0,0,0.247,0,0,0.331,7700,Group_A,0.6934,1,0.3812,Declined
APP-01237,EU,EU_West,35-44,Self-employed,75554,0.506,8.9,1,0.548,1,6.5,0.944,15500,Group_A,0.7921,0,0.5232,Manual Review
APP-01238,US,US_East,35-44,Student,58759,0.14,7.4,1,0.361,0,0,0.277,5000,Group_C,0.9179,1,0.4974,Manual Review
APP-01239,EU,EU_North,18-24,Self-employed,29654,0.281,0,1,0.279,1,0,0.497,2400,Group_B,0.5697,0,0.2689,Declined
APP-01240,US,US_Midwest,25-34,Full-time,89423,0.446,3.9,3,0.278,0,0,0.259,17700,Group_B,0.6051,1,0.3346,Declined
APP-01241,EU,EU_West,55+,Part-time,51559,0.145,18.4,0,0.261,1,5.5,0.259,6800,Group_A,0.9577,1,0.6498,Approved
APP-01242,EU,EU_South,25-34,Student,29934,0.556,9.7,0,0.346,0,0,0.374,5400,Group_A,0.7437,1,0.3751,Declined
APP-01243,EU,EU_South,35-44,Full-time,100958,0.393,8.1,2,0.571,0,0,0.46,16100,Group_A,0.7657,1,0.448,Declined
APP-01244,EU,EU_South,55+,Full-time,57921,0.124,21.8,0,0.107,0,0,0.228,3300,Group_B,0.9611,0,0.6364,Approved
APP-01245,EU,EU_North,45-54,Full-time,66162,0.223,16.4,0,0.172,0,0,0.287,4400,Group_B,0.9664,1,0.5946,Approved
APP-01246,EU,EU_Central,35-44,Full-time,41911,0.166,13,0,0.581,1,2.2,0.404,8600,Group_A,0.9196,1,0.4995,Manual Review
APP-01247,US,US_West,45-54,Self-employed,78198,0.364,14.5,0,0.339,0,0,0.317,12300,Group_A,0.969,1,0.5489,Manual Review
APP-01248,US,US_West,45-54,Student,33545,0.291,16.8,1,0.594,1,10.1,0.343,7100,Group_A,0.6792,0,0.4929,Manual Review
APP-01249,EU,EU_West,35-44,Full-time,66788,0.133,7.2,1,0.159,0,0,0.448,12500,Group_C,0.9344,1,0.4897,Manual Review
APP-01250,EU,EU_West,35-44,Part-time,57134,0.683,10.8,3,0.835,0,0,0.897,7900,Group_B,0.3497,0,0.0535,Declined
APP-01251,EU,EU_West,25-34,Student,43603,0.26,6.3,0,0.446,1,6,0.555,6400,Group_A,0.7114,1,0.3912,Declined
APP-01252,US,US_Midwest,55+,Student,39778,0.332,20.1,0,0.515,0,0,0.404,9100,Group_A,0.8898,1,0.5196,Manual Review
APP-01253,US,US_East,35-44,Full-time,118394,0.395,6.1,2,0.419,1,4,0.491,9500,Group_B,0.7395,1,0.4386,Declined
APP-01254,US,US_West,18-24,Student,28739,0.265,0,0,0.242,0,0,0.493,3600,Group_A,0.7232,1,0.3368,Declined
APP-01255,EU,EU_South,45-54,Full-time,83849,0.335,13.7,1,0.391,1,7,0.481,13400,Group_A,0.9713,1,0.5259,Manual Review
APP-01256,US,US_West,35-44,Full-time,73289,0.174,13.4,1,0.527,0,0,0.314,11100,Group_A,0.9363,1,0.5332,Manual Review
APP-01257,US,US_East,18-24,Full-time,49220,0.647,0,0,0.424,0,0,0.338,6500,Group_B,0.3337,1,0.1553,Declined
APP-01258,US,US_East,35-44,Full-time,116851,0.132,10.6,0,0.118,0,0,0.337,22200,Group_A,0.99,1,0.5984,Approved
APP-01259,US,US_South,25-34,Part-time,87568,0.275,7.9,3,0.391,1,10.2,0.887,16400,Group_A,0.754,1,0.4272,Declined
APP-01260,EU,EU_West,45-54,Full-time,152753,0.447,19,1,0.36,1,7.1,0.534,25500,Group_C,0.9567,1,0.5956,Approved
APP-01261,US,US_West,25-34,Full-time,58439,0.447,9.4,2,0.574,0,0,0.401,11700,Group_A,0.7625,1,0.3255,Declined
APP-01262,EU,EU_North,45-54,Full-time,91459,0.222,13.9,0,0.47,0,0,0.539,21000,Group_A,0.9849,1,0.5416,Manual Review
APP-01263,US,US_Midwest,35-44,Self-employed,111462,0.626,6.7,1,0.352,1,7.7,0.354,20000,Group_A,0.9574,1,0.5649,Manual Review
APP-01264,US,US_Midwest,18-24,Full-time,82496,0.033,7.7,1,0.479,1,6,0.236,10500,Group_A,0.9216,1,0.5171,Manual Review
APP-01265,US,US_South,55+,Part-time,65982,0.387,23.8,1,0.564,0,0,0.589,14900,Group_B,0.7373,1,0.4912,Manual Review
APP-01266,US,US_East,35-44,Full-time,87703,0.174,11.4,0,0.543,1,8.9,0.517,6700,Group_A,0.9664,1,0.569,Manual Review
APP-01267,US,US_West,25-34,Full-time,42408,0.24,3.7,1,0.535,1,6.6,0.246,7200,Group_A,0.8393,1,0.3746,Declined
APP-01268,US,US_West,35-44,Full-time,48258,0.193,10.9,1,0.512,1,9.5,0.155,8900,Group_B,0.8591,0,0.4946,Manual Review
APP-01269,EU,EU_West,45-54,Full-time,90727,0.322,13.6,1,0.677,1,10.5,0.46,23000,Group_B,0.875,1,0.4648,Declined
APP-01270,US,US_West,25-34,Full-time,72895,0.132,4.1,1,0.672,1,3.5,0.277,18800,Group_B,0.9307,1,0.4869,Manual Review
APP-01271,EU,EU_West,25-34,Full-time,45479,0.218,8.5,1,0.447,1,6.8,0.462,7800,Group_A,0.8334,1,0.4992,Manual Review
APP-01272,EU,EU_North,25-34,Unemployed,29768,0.366,7.2,1,0.537,0,0,0.531,6600,Group_A,0.5165,1,0.1907,Declined
APP-01273,EU,EU_South,25-34,Self-employed,75800,0.389,1.7,1,0.373,0,0,0.572,14400,Group_B,0.7174,1,0.3587,Declined
APP-01274,US,US_West,45-54,Full-time,57039,0.217,15.3,0,0.194,1,8.8,0.373,6100,Group_A,0.971,1,0.5454,Manual Review
APP-01275,US,US_South,35-44,Full-time,124378,0.229,10.3,1,0.501,1,7.4,0.418,23400,Group_B,0.9798,1,0.5422,Manual Review
APP-01276,US,US_West,25-34,Student,22925,0.274,5.4,1,0.504,1,3.8,0.216,5000,Group_B,0.5581,1,0.2472,Declined
APP-01277,US,US_West,25-34,Full-time,110052,0.382,4.9,0,0.51,0,0,0.269,21200,Group_B,0.9241,1,0.4879,Manual Review
APP-01278,EU,EU_North,25-34,Full-time,58650,0.163,8.6,0,0.618,0,0,0.362,4800,Group_A,0.8207,1,0.4448,Declined
APP-01279,US,US_East,55+,Part-time,32508,0.445,20.2,6,0.229,0,0,0.362,3000,Group_A,0.4006,0,0.2298,Declined
APP-01280,US,US_East,25-34,Self-employed,46427,0.28,4.7,2,0.566,1,2.8,0.718,9800,Group_B,0.7417,1,0.3379,Declined
APP-01281,EU,EU_North,55+,Full-time,78958,0.085,13.6,0,0.168,0,0,0.323,5300,Group_A,0.9746,1,0.5567,Manual Review
APP-01282,EU,EU_Central,35-44,Full-time,75784,0.024,10,0,0.442,0,0,0.508,8800,Group_A,0.9888,1,0.6185,Approved
APP-01283,EU,EU_South,25-34,Full-time,63146,0.457,7.2,2,0.232,1,7.1,0.231,5300,Group_C,0.8518,1,0.4273,Declined
APP-01284,US,US_East,55+,Self-employed,81618,0.087,19.1,1,0.426,1,6.9,0.712,16200,Group_C,0.9792,1,0.6834,Approved
APP-01285,US,US_South,35-44,Full-time,83569,0.231,10,3,0.87,1,7,0.228,13500,Group_A,0.8896,1,0.4499,Declined
APP-01286,US,US_South,35-44,Full-time,87615,0.542,8.7,2,0.439,1,8,0.213,14000,Group_A,0.9204,1,0.4869,Manual Review
APP-01287,US,US_Midwest,55+,Full-time,38190,0.251,23.2,0,0.324,0,0,0.194,5500,Group_A,0.9519,1,0.4863,Manual Review
APP-01288,US,US_South,18-24,Full-time,50999,0.573,1.5,4,0.699,1,1.2,0.801,6700,Group_B,0.2092,0,0,Declined
APP-01289,US,US_West,18-24,Unemployed,17899,0.347,3.3,1,0.544,0,0,0.47,500,Group_C,0.4459,0,0.0921,Declined
APP-01290,US,US_East,45-54,Part-time,123737,0.172,12.2,0,0.259,1,8.9,0.42,20500,Group_A,0.9881,1,0.6448,Approved
APP-01291,US,US_Midwest,25-34,Part-time,30587,0.331,6.1,3,0.475,0,0,0.407,8000,Group_A,0.3313,0,0.1274,Declined
APP-01292,US,US_Midwest,25-34,Full-time,30843,0.056,4.9,0,0.362,0,0,0.319,2900,Group_C,0.7922,1,0.4645,Declined
APP-01293,EU,EU_North,18-24,Full-time,67376,0.245,1.9,0,0.543,0,0,0.559,5800,Group_A,0.7777,1,0.4453,Declined
APP-01294,EU,EU_South,18-24,Full-time,59626,0.11,1.1,0,0.567,1,0,0.339,7300,Group_A,0.8558,1,0.4978,Manual Review
APP-01295,EU,EU_Central,45-54,Full-time,56770,0.281,14.2,2,0.531,1,7,0.601,14200,Group_C,0.7726,0,0.4183,Declined
APP-01296,US,US_South,25-34,Unemployed,14658,0.172,8.4,1,0.512,1,11,0.504,5300,Group_A,0.6118,1,0.3132,Declined
APP-01297,US,US_South,35-44,Full-time,151095,0.302,4.6,0,0.358,0,0,0.277,28300,Group_B,0.9879,1,0.628,Approved
APP-01298,US,US_South,35-44,Full-time,170554,0.504,14.9,1,0.843,1,6.5,0.447,22900,Group_A,0.9898,1,0.5564,Manual Review
APP-01299,EU,EU_Central,25-34,Full-time,24344,0.331,7.6,1,0.452,1,11.4,0.205,2900,Group_A,0.6724,1,0.2985,Declined
APP-01300,EU,EU_West,18-24,Self-employed,31765,0.691,0.2,1,0.654,1,0,0.504,7800,Group_B,0.1665,0,0.0469,Declined
APP-01301,US,US_West,45-54,Full-time,202487,0.379,18,0,0.675,1,6.1,0.398,14600,Group_A,0.99,1,0.5823,Approved
APP-01302,EU,EU_North,18-24,Full-time,38434,0.605,0,1,0.488,0,0,0.441,4400,Group_C,0.272,0,0.0892,Declined
APP-01303,US,US_South,45-54,Full-time,64353,0.759,12.3,0,0.668,1,9.3,0.515,8400,Group_B,0.8747,1,0.4521,Declined
APP-01304,US,US_Midwest,55+,Student,31550,0.234,20.7,3,0.492,0,0,0.608,3000,Group_A,0.5492,0,0.2647,Declined
APP-01305,EU,EU_South,25-34,Full-time,45026,0.132,9.5,0,0.737,1,9.7,0.221,7100,Group_A,0.9405,1,0.4821,Manual Review
APP-01306,EU,EU_West,35-44,Student,18222,0.582,10.9,2,0.377,1,8.6,0.612,3600,Group_A,0.5127,0,0.2143,Declined
APP-01307,EU,EU_West,35-44,Part-time,90748,0.161,12,0,0.152,1,5.6,0.407,5000,Group_A,0.8977,1,0.5781,Manual Review
APP-01308,EU,EU_South,25-34,Full-time,32535,0.252,5.2,0,0.422,1,0.4,0.609,6600,Group_A,0.8658,1,0.4716,Declined
APP-01309,US,US_East,45-54,Part-time,67007,0.53,17.1,0,0.539,0,0,0.344,14000,Group_A,0.9441,1,0.5269,Manual Review
APP-01310,EU,EU_North,55+,Full-time,122816,0.61,24.7,1,0.255,0,0,0.757,18200,Group_A,0.9727,1,0.6233,Approved
APP-01311,US,US_West,25-34,Unemployed,12727,0.448,6.5,1,0.562,1,5.6,0.432,2500,Group_B,0.3984,0,0.1793,Declined
APP-01312,EU,EU_West,35-44,Full-time,49907,0.47,8.6,1,0.21,0,0,0.274,6400,Group_B,0.6791,0,0.3908,Declined
APP-01313,US,US_South,55+,Full-time,119228,0.569,20.3,2,0.493,0,0,0.677,23800,Group_B,0.9507,1,0.6251,Approved
APP-01314,EU,EU_North,55+,Full-time,104745,0.278,22.3,2,0.55,1,4.6,0.37,10600,Group_A,0.99,1,0.6484,Approved
APP-01315,US,US_Midwest,35-44,Full-time,68369,0.456,12.1,0,0.305,1,7.2,0.601,13600,Group_A,0.7665,1,0.4411,Declined
APP-01316,EU,EU_West,35-44,Unemployed,50847,0.351,11.2,0,0.55,0,0,0.361,7900,Group_B,0.6954,0,0.4026,Declined
APP-01317,US,US_South,25-34,Full-time,128328,0.055,8.9,0,0.305,0,0,0.119,28900,Group_A,0.99,1,0.6509,Approved
APP-01318,EU,EU_North,55+,Self-employed,84930,0.246,20.7,1,0.433,0,0,0.368,21900,Group_A,0.9844,1,0.611,Approved
APP-01319,US,US_Midwest,25-34,Full-time,41677,0.337,5.7,2,0.536,1,6.5,0.175,7300,Group_B,0.4793,1,0.1857,Declined
APP-01320,US,US_South,35-44,Unemployed,24576,0.529,8,2,0.511,0,0,0.472,2600,Group_B,0.1644,1,0.0326,Declined
APP-01321,US,US_East,25-34,Full-time,84819,0.15,4.5,0,0.526,1,6.6,0.527,6800,Group_A,0.9286,1,0.4452,Declined
APP-01322,US,US_South,25-34,Full-time,68496,0.314,5.9,1,0.518,1,6.7,0.414,4800,Group_A,0.8085,1,0.4749,Declined
APP-01323,EU,EU_South,25-34,Full-time,95350,0.776,4.1,1,0.758,0,0,0.484,17400,Group_B,0.5767,1,0.2655,Declined
APP-01324,US,US_West,55+,Self-employed,31682,0.36,15.1,1,0.182,0,0,0.42,8900,Group_B,0.6264,1,0.3538,Declined
APP-01325,EU,EU_West,18-24,Full-time,21826,0.347,2.2,0,0.689,0,0,0.27,5500,Group_B,0.5155,1,0.1995,Declined
APP-01326,US,US_South,35-44,Full-time,82062,0.304,2.7,0,0.413,0,0,0.373,7800,Group_B,0.8235,1,0.4817,Manual Review
APP-01327,US,US_South,18-24,Full-time,34272,0.753,6.3,0,0.452,0,0,0.375,5600,Group_B,0.4931,0,0.2786,Declined
APP-01328,EU,EU_West,25-34,Part-time,35206,0.187,9.8,4,0.206,1,4.5,0.46,4300,Group_A,0.4605,1,0.2611,Declined
APP-01329,EU,EU_West,25-34,Full-time,33650,0.495,5.9,0,0.374,0,0,0.547,4100,Group_A,0.6264,1,0.3847,Declined
APP-01330,US,US_South,35-44,Full-time,76315,0.167,8.8,0,0.413,0,0,0.11,6400,Group_B,0.9204,1,0.5709,Manual Review
APP-01331,EU,EU_South,25-34,Full-time,61025,0.191,5,2,0.289,1,2.4,0.487,11200,Group_B,0.8993,1,0.4646,Declined
APP-01332,EU,EU_South,25-34,Student,36459,0.259,3,0,0.597,0,0,0.33,9000,Group_B,0.5882,1,0.3049,Declined
APP-01333,US,US_West,18-24,Unemployed,20592,0.432,2.9,0,0.326,0,0,0.305,4100,Group_A,0.4374,0,0.2111,Declined
APP-01334,EU,EU_South,25-34,Full-time,70244,0.335,6.2,0,0.51,0,0,0.392,7500,Group_A,0.8652,1,0.4392,Declined
APP-01335,EU,EU_North,55+,Full-time,130632,0.229,19.8,1,0.522,1,9,0.468,19000,Group_C,0.99,1,0.6144,Approved
APP-01336,EU,EU_West,55+,Full-time,38263,0.446,19.2,4,0.553,1,9.4,0.281,6700,Group_B,0.6769,1,0.3287,Declined
APP-01337,US,US_Midwest,25-34,Full-time,88591,0.124,2.6,1,0.32,0,0,0.083,7100,Group_C,0.9605,1,0.557,Manual Review
APP-01338,EU,EU_Central,35-44,Full-time,35661,0.353,8.9,1,0.348,1,6.5,0.201,8600,Group_B,0.799,0,0.4128,Declined
APP-01339,US,US_West,55+,Self-employed,43245,0.687,19.2,1,0.671,0,0,0.412,1000,Group_B,0.5429,1,0.2752,Declined
APP-01340,US,US_West,18-24,Full-time,24775,0.271,0.6,0,0.336,0,0,0.23,4700,Group_B,0.6991,0,0.367,Declined
APP-01341,US,US_Midwest,45-54,Unemployed,49720,0.425,14.5,4,0.391,0,0,0.84,10200,Group_C,0.241,0,0.1636,Declined
APP-01342,US,US_Midwest,55+,Full-time,67066,0.494,21.3,1,0.416,0,0,0.552,7300,Group_B,0.9087,1,0.551,Manual Review
APP-01343,EU,EU_Central,18-24,Self-employed,38803,0.625,0,3,0.737,1,0,0.59,7100,Group_B,0.0673,0,0,Declined
APP-01344,EU,EU_South,25-34,Full-time,45314,0.342,7,0,0.567,0,0,0.287,3800,Group_A,0.8886,0,0.549,Manual Review
APP-01345,EU,EU_West,55+,Full-time,72014,0.238,23.9,3,0.167,0,0,0.348,9800,Group_A,0.9198,1,0.5502,Manual Review
APP-01346,US,US_South,35-44,Full-time,53652,0.201,8.6,0,0.5,1,10,0.5,9100,Group_B,0.9654,1,0.522,Manual Review
APP-01347,US,US_South,18-24,Full-time,60625,0.282,3,0,0.187,1,6,0.573,12400,Group_A,0.8966,1,0.5261,Manual Review
APP-01348,US,US_South,25-34,Full-time,47735,0.434,6.3,0,0.461,1,6.5,0.382,10700,Group_A,0.8957,1,0.5828,Approved
APP-01349,EU,EU_South,35-44,Self-employed,149925,0.301,13.7,1,0.584,1,6.5,0.374,13400,Group_A,0.9798,1,0.6214,Approved
APP-01350,US,US_South,35-44,Unemployed,16617,0.535,10.4,3,0.473,0,0,0.575,4900,Group_A,0.0488,1,0,Declined
APP-01351,EU,EU_West,45-54,Full-time,66610,0.373,18.8,0,0.174,0,0,0.418,15200,Group_A,0.9008,1,0.4892,Manual Review
APP-01352,EU,EU_West,55+,Full-time,175295,0.067,20.8,1,0.583,0,0,0.156,24600,Group_A,0.99,1,0.6081,Approved
APP-01353,US,US_South,25-34,Full-time,57216,0.314,3.6,2,0.636,0,0,0.34,13100,Group_C,0.5124,1,0.2369,Declined
APP-01354,EU,EU_West,35-44,Full-time,49949,0.369,12.5,0,0.454,0,0,0.398,8800,Group_A,0.9368,1,0.5412,Manual Review
APP-01355,US,US_East,35-44,Full-time,99612,0.49,10.3,1,0.509,1,8.7,0.545,18600,Group_A,0.8445,1,0.4147,Declined
APP-01356,EU,EU_South,25-34,Part-time,37692,0.405,7.9,1,0.625,0,0,0.771,6100,Group_A,0.4995,0,0.2388,Declined
APP-01357,EU,EU_Central,25-34,Unemployed,16787,0.63,0,4,0.348,0,0,0.807,3600,Group_B,0.042,0,0,Declined
APP-01358,US,US_East,55+,Unemployed,19694,0.327,21,0,0.295,0,0,0.648,5200,Group_A,0.9628,1,0.5219,Manual Review
APP-01359,US,US_South,45-54,Full-time,260000,0.248,12.8,0,0.328,0,0,0.178,24600,Group_B,0.99,1,0.7426,Approved
APP-01360,EU,EU_South,35-44,Student,29370,0.173,6.5,0,0.894,1,8.8,0.465,3900,Group_B,0.6183,0,0.264,Declined
APP-01361,EU,EU_North,35-44,Self-employed,29038,0.135,7.6,0,0.408,0,0,0.81,500,Group_B,0.8063,1,0.4959,Manual Review
APP-01362,US,US_South,25-34,Full-time,146030,0.034,5.2,0,0.506,0,0,0.158,10900,Group_A,0.9845,1,0.5931,Approved
APP-01363,EU,EU_North,35-44,Full-time,99590,0.504,8.7,3,0.629,1,9.6,0.414,14800,Group_B,0.8456,0,0.485,Manual Review
APP-01364,EU,EU_West,35-44,Part-time,40026,0.397,8,0,0.514,1,6.8,0.671,12500,Group_A,0.7307,1,0.4668,Declined
APP-01365,EU,EU_West,35-44,Full-time,55357,0.367,10.7,2,0.206,0,0,0.262,9300,Group_C,0.7256,1,0.3761,Declined
APP-01366,US,US_Midwest,55+,Full-time,93519,0.108,21.8,0,0.136,1,5.5,0.52,21200,Group_B,0.99,1,0.7609,Approved
APP-01367,EU,EU_North,35-44,Full-time,80769,0.254,11.6,1,0.554,1,5,0.313,16300,Group_A,0.9478,1,0.5403,Manual Review
APP-01368,EU,EU_Central,25-34,Full-time,31342,0.237,8.3,1,0.549,0,0,0.403,2100,Group_A,0.8059,1,0.393,Declined
APP-01369,US,US_South,45-54,Full-time,214015,0.347,18.4,0,0.431,0,0,0.395,14100,Group_A,0.99,1,0.6747,Approved
APP-01370,US,US_Midwest,25-34,Student,22350,0.418,7,0,0.449,1,7.2,0.554,3800,Group_B,0.5611,1,0.2542,Declined
APP-01371,EU,EU_South,25-34,Self-employed,133444,0.192,10.6,2,0.144,0,0,0.318,20300,Group_A,0.969,1,0.672,Approved
APP-01372,US,US_East,25-34,Self-employed,101428,0.494,3.2,0,0.329,0,0,0.386,8000,Group_B,0.7651,0,0.479,Declined
APP-01373,EU,EU_West,25-34,Full-time,47522,0.607,4.9,0,0.64,0,0,0.488,9000,Group_A,0.6558,0,0.3507,Declined
APP-01374,US,US_South,45-54,Self-employed,116644,0.268,15.5,0,0.36,0,0,0.423,11100,Group_B,0.9751,1,0.5626,Manual Review
APP-01375,US,US_East,35-44,Full-time,56426,0.061,10.4,0,0.481,1,8.9,0.275,8000,Group_B,0.9718,1,0.5722,Manual Review
APP-01376,EU,EU_West,45-54,Full-time,34645,0.485,15.5,0,0.544,0,0,0.329,1500,Group_B,0.9055,1,0.4211,Declined
APP-01377,US,US_Midwest,35-44,Full-time,62490,0.2,13,0,0.393,0,0,0.412,10900,Group_B,0.9181,1,0.5818,Approved
APP-01378,US,US_West,25-34,Full-time,89173,0.262,6.5,0,0.228,1,10.2,0.122,17700,Group_A,0.9674,1,0.5523,Manual Review
APP-01379,US,US_South,45-54,Self-employed,70993,0.39,16.9,3,0.408,1,8.8,0.653,17200,Group_A,0.9078,1,0.5324,Manual Review
APP-01380,EU,EU_West,25-34,Full-time,54426,0.13,2.1,0,0.332,1,3.6,0.484,9900,Group_B,0.9343,1,0.4991,Manual Review
APP-01381,US,US_East,25-34,Full-time,124742,0.381,11.2,1,0.466,0,0,0.408,11700,Group_A,0.974,1,0.5073,Manual Review
APP-01382,US,US_West,35-44,Full-time,94691,0.254,10.3,1,0.31,0,0,0.332,17400,Group_A,0.939,1,0.595,Approved
APP-01383,EU,EU_South,25-34,Unemployed,19963,0.599,5.8,5,0.624,1,9.9,0.775,1400,Group_A,0.0206,0,0,Declined
APP-01384,US,US_West,18-24,Full-time,69970,0.382,1.7,2,0.773,0,0,0.67,5700,Group_A,0.3842,0,0.1561,Declined
APP-01385,EU,EU_North,35-44,Self-employed,90079,0.291,9.6,0,0.309,0,0,0.647,14200,Group_A,0.8878,1,0.4453,Declined
APP-01386,US,US_South,35-44,Full-time,27085,0.273,8.4,1,0.833,1,6.7,0.374,5100,Group_C,0.7676,1,0.3983,Declined
APP-01387,EU,EU_Central,35-44,Full-time,109449,0.166,9.8,0,0.504,0,0,0.304,12900,Group_A,0.9815,1,0.5628,Manual Review
APP-01388,US,US_West,55+,Unemployed,32238,0.482,15.8,0,0.359,0,0,0.845,4300,Group_B,0.5555,0,0.3258,Declined
APP-01389,EU,EU_North,35-44,Full-time,91082,0.492,9.3,2,0.331,0,0,0.229,20600,Group_A,0.8159,0,0.4334,Declined
APP-01390,US,US_Midwest,45-54,Full-time,119873,0.296,18.1,0,0.715,0,0,0.311,22700,Group_B,0.989,1,0.5867,Approved
APP-01391,US,US_South,25-34,Self-employed,50305,0.542,8.1,0,0.281,0,0,0.475,3900,Group_A,0.7052,1,0.3937,Declined
APP-01392,US,US_South,35-44,Full-time,98016,0.517,12,1,0.465,0,0,0.411,21100,Group_C,0.8688,1,0.4576,Declined
APP-01393,US,US_East,45-54,Part-time,27644,0.219,17.6,0,0.358,0,0,0.297,8600,Group_C,0.9682,1,0.5548,Manual Review
APP-01394,US,US_South,35-44,Full-time,108407,0.205,15,2,0.381,0,0,0.687,23500,Group_A,0.9386,1,0.5971,Approved
APP-01395,US,US_West,45-54,Full-time,215223,0.154,11.1,0,0.524,0,0,0.468,30000,Group_C,0.99,1,0.7609,Approved
APP-01396,EU,EU_West,25-34,Full-time,44477,0.437,2.8,0,0.343,1,2.6,0.715,5900,Group_C,0.7719,1,0.3908,Declined
APP-01397,US,US_East,18-24,Full-time,30375,0.306,0,1,0.365,1,0,0.257,6800,Group_B,0.3804,0,0.1965,Declined
APP-01398,US,US_West,35-44,Student,23895,0.432,7.8,0,0.532,0,0,0.438,3900,Group_B,0.4439,0,0.1548,Declined
APP-01399,EU,EU_North,25-34,Self-employed,72181,0.446,5.8,2,0.532,1,8.6,0.331,18000,Group_A,0.8287,1,0.4913,Manual Review
APP-01400,EU,EU_West,45-54,Full-time,49740,0.66,12.8,1,0.791,1,11,0.348,9800,Group_B,0.7001,1,0.2943,Declined
APP-01401,US,US_Midwest,25-34,Full-time,90126,0.586,7,0,0.337,1,8.1,0.611,10000,Group_A,0.7988,1,0.4349,Declined
APP-01402,US,US_West,55+,Self-employed,110149,0.247,21.1,0,0.527,0,0,0.329,16500,Group_A,0.99,1,0.6467,Approved
APP-01403,US,US_Midwest,55+,Full-time,97826,0.53,18.4,1,0.48,1,6.4,0.193,13900,Group_C,0.9509,1,0.5237,Manual Review
APP-01404,EU,EU_West,25-34,Full-time,33645,0.356,1.7,1,0.514,1,1.2,0.227,8800,Group_A,0.6825,0,0.3635,Declined
APP-01405,EU,EU_West,25-34,Full-time,97793,0.432,2.1,1,0.383,0,0,0.461,10100,Group_B,0.968,1,0.4995,Manual Review
APP-01406,US,US_West,55+,Full-time,105311,0.684,17.6,3,0.721,1,8.9,0.53,19000,Group_B,0.8725,1,0.4978,Manual Review
APP-01407,EU,EU_West,55+,Self-employed,102037,0.149,19.5,0,0.266,1,8.1,0.479,11600,Group_C,0.99,1,0.6885,Approved
APP-01408,EU,EU_North,35-44,Unemployed,38987,0.382,7.5,1,0.583,0,0,0.523,5300,Group_C,0.4161,0,0.2124,Declined
APP-01409,EU,EU_West,25-34,Full-time,82330,0.496,5.4,0,0.596,0,0,0.275,15900,Group_A,0.7322,1,0.4093,Declined
APP-01410,EU,EU_North,35-44,Self-employed,131145,0.241,8.5,1,0.331,0,0,0.229,11400,Group_A,0.9865,0,0.7057,Approved
APP-01411,US,US_East,35-44,Full-time,214494,0.317,10.7,2,0.814,0,0,0.612,30000,Group_A,0.9851,1,0.6318,Approved
APP-01412,US,US_Midwest,25-34,Full-time,48559,0.155,4.1,0,0.477,0,0,0.454,2800,Group_A,0.8253,1,0.4523,Declined
APP-01413,US,US_South,45-54,Full-time,155547,0.185,14.1,1,0.25,1,7.3,0.256,30000,Group_A,0.99,1,0.668,Approved
APP-01414,US,US_East,18-24,Part-time,30725,0.435,0,1,0.503,0,0,0.941,6100,Group_A,0.2167,1,0.1001,Declined
APP-01415,US,US_West,18-24,Full-time,40333,0.461,0,1,0.347,1,0,0.665,4000,Group_B,0.6981,1,0.4237,Declined
APP-01416,EU,EU_West,25-34,Full-time,31299,0.236,2.4,0,0.51,1,0.6,0.108,6600,Group_B,0.8304,1,0.4156,Declined
APP-01417,US,US_Midwest,25-34,Full-time,65594,0.387,8.5,2,0.637,0,0,0.322,7100,Group_A,0.6329,0,0.2815,Declined
APP-01418,US,US_West,25-34,Full-time,39895,0.285,5.2,1,0.276,0,0,0.637,7500,Group_B,0.7519,0,0.4474,Declined
APP-01419,US,US_Midwest,35-44,Full-time,73256,0.372,10.8,0,0.199,1,6.6,0.246,7500,Group_A,0.9404,1,0.4973,Manual Review
APP-01420,EU,EU_North,25-34,Self-employed,41533,0.297,4.7,1,0.164,0,0,0.374,7700,Group_A,0.8278,1,0.4601,Declined
APP-01421,US,US_South,25-34,Full-time,51061,0.379,5.1,2,0.745,1,4.8,0.17,14300,Group_B,0.8014,1,0.3933,Declined
APP-01422,US,US_Midwest,25-34,Self-employed,47527,0.354,5.8,1,0.474,0,0,0.472,4300,Group_B,0.66,1,0.3307,Declined
APP-01423,US,US_Midwest,55+,Full-time,72143,0.117,19.1,0,0.406,0,0,0.099,11200,Group_B,0.99,1,0.6138,Approved
APP-01424,US,US_West,25-34,Full-time,36054,0.195,10,2,0.329,0,0,0.09,3200,Group_A,0.8125,1,0.3792,Declined
APP-01425,EU,EU_Central,35-44,Full-time,39472,0.334,9.8,0,0.318,0,0,0.139,9200,Group_B,0.9259,1,0.4766,Declined
APP-01426,EU,EU_South,35-44,Full-time,89027,0.292,10.8,0,0.185,1,7.2,0.211,11300,Group_B,0.99,1,0.6366,Approved
APP-01427,US,US_West,55+,Full-time,48243,0.696,19.1,2,0.859,0,0,0.424,2100,Group_B,0.8648,0,0.3396,Declined
APP-01428,EU,EU_Central,25-34,Full-time,101348,0.459,5.8,2,0.3,0,0,0.406,12300,Group_B,0.8297,1,0.458,Declined
APP-01429,EU,EU_North,35-44,Self-employed,85124,0.378,8.2,0,0.521,1,8.4,0.303,4700,Group_C,0.9471,1,0.516,Manual Review
APP-01430,EU,EU_Central,45-54,Self-employed,96278,0.382,12.8,1,0.595,0,0,0.67,21200,Group_B,0.8063,1,0.381,Declined
APP-01431,US,US_South,35-44,Full-time,142721,0.095,9.6,1,0.282,0,0,0.366,29300,Group_B,0.99,1,0.7044,Approved
APP-01432,US,US_East,18-24,Full-time,41421,0.276,2.3,0,0.264,1,1.3,0.157,7900,Group_C,0.8813,1,0.4313,Declined
APP-01433,US,US_South,35-44,Full-time,58414,0.445,9.9,1,0.566,0,0,0.551,6300,Group_B,0.6351,1,0.3484,Declined
APP-01434,EU,EU_West,18-24,Full-time,75522,0.147,4.9,0,0.265,1,0.2,0.374,6800,Group_A,0.9773,1,0.5519,Manual Review
APP-01435,US,US_West,35-44,Full-time,95141,0.216,5.7,0,0.222,1,2.8,0.202,15600,Group_B,0.9693,1,0.5454,Manual Review
APP-01436,US,US_West,45-54,Student,38267,0.192,13.9,1,0.231,0,0,0.367,7800,Group_A,0.8019,0,0.4606,Declined
APP-01437,US,US_South,25-34,Full-time,139463,0.102,7,0,0.261,0,0,0.265,22400,Group_A,0.99,1,0.6197,Approved
APP-01438,EU,EU_West,45-54,Full-time,72941,0.834,12.2,4,0.375,0,0,0.731,10100,Group_B,0.2727,0,0.0914,Declined
APP-01439,US,US_East,18-24,Full-time,48323,0.41,8.9,2,0.184,0,0,0.345,8800,Group_C,0.7215,1,0.3586,Declined
APP-01440,EU,EU_South,45-54,Full-time,90229,0.335,16.1,1,0.18,1,7.9,0.511,8500,Group_C,0.99,1,0.5662,Manual Review
APP-01441,EU,EU_West,35-44,Self-employed,54118,0.363,10.8,0,0.439,0,0,0.507,11900,Group_A,0.7839,0,0.4744,Declined
APP-01442,US,US_East,25-34,Full-time,77212,0.577,5.4,2,0.242,0,0,0.471,17700,Group_A,0.7692,0,0.4032,Declined
APP-01443,EU,EU_West,25-34,Full-time,139797,0.456,5.4,0,0.204,0,0,0.771,30000,Group_A,0.9525,1,0.5748,Manual Review
APP-01444,US,US_West,55+,Self-employed,85798,0.087,20.1,1,0.269,1,6.2,0.22,8600,Group_C,0.9778,1,0.5927,Approved
APP-01445,EU,EU_North,18-24,Full-time,48286,0.138,1.7,1,0.538,0,0,0.146,8900,Group_C,0.7648,1,0.4585,Declined
APP-01446,US,US_East,25-34,Self-employed,53051,0.452,3.3,2,0.434,1,0.4,0.484,8700,Group_B,0.8613,1,0.4233,Declined
APP-01447,EU,EU_Central,25-34,Full-time,72524,0.35,3.7,1,0.35,1,2,0.172,7300,Group_B,0.9184,1,0.4217,Declined
APP-01448,EU,EU_South,35-44,Full-time,106004,0.33,11.8,3,0.302,1,7.6,0.284,17300,Group_B,0.9558,1,0.5709,Manual Review
APP-01449,EU,EU_West,35-44,Self-employed,90855,0.19,11.8,2,0.406,0,0,0.732,16300,Group_B,0.8573,1,0.4778,Declined
APP-01450,EU,EU_West,25-34,Full-time,64219,0.207,7.1,0,0.47,1,11.2,0.49,7300,Group_A,0.9234,1,0.5548,Manual Review
APP-01451,US,US_West,25-34,Full-time,86297,0.361,3.5,1,0.569,0,0,0.602,11700,Group_A,0.5985,0,0.3533,Declined
APP-01452,EU,EU_South,25-34,Full-time,77556,0.232,5.5,1,0.316,1,5.4,0.255,7000,Group_B,0.9774,1,0.5911,Approved
APP-01453,EU,EU_West,25-34,Full-time,39717,0.126,7.7,0,0.462,0,0,0.181,12600,Group_B,0.9072,1,0.4848,Manual Review
APP-01454,EU,EU_West,25-34,Self-employed,73433,0.456,9.5,1,0.179,1,8.7,0.557,12300,Group_A,0.9008,1,0.5069,Manual Review
APP-01455,US,US_South,35-44,Student,13849,0.182,11.6,0,0.11,1,5.3,0.46,4500,Group_C,0.8769,1,0.5146,Manual Review
APP-01456,EU,EU_West,25-34,Unemployed,36253,0.556,9.6,2,0.602,1,10.2,0.619,4700,Group_A,0.6893,1,0.3541,Declined
APP-01457,EU,EU_North,25-34,Self-employed,91636,0.272,6.6,1,0.334,0,0,0.377,16800,Group_A,0.9214,1,0.4899,Manual Review
APP-01458,EU,EU_Central,25-34,Full-time,87481,0.29,5.7,1,0.449,0,0,0.186,7700,Group_B,0.8922,0,0.5021,Manual Review
APP-01459,US,US_Midwest,55+,Full-time,57820,0.432,17.3,0,0.289,1,3.8,0.444,8400,Group_B,0.9835,1,0.6487,Approved
APP-01460,EU,EU_West,55+,Full-time,79374,0.241,19.4,0,0.476,0,0,0.388,15700,Group_B,0.973,1,0.573,Manual Review
APP-01461,US,US_Midwest,45-54,Full-time,181739,0.496,18.9,0,0.767,1,8.5,0.598,30000,Group_A,0.9872,1,0.6216,Approved
APP-01462,EU,EU_West,25-34,Full-time,140871,0.127,5.2,0,0.331,1,6,0.427,13700,Group_A,0.9774,1,0.7183,Approved
APP-01463,US,US_South,18-24,Student,18348,0.528,0,1,0.531,1,0,0.31,5100,Group_B,0.2384,1,0.0314,Declined
APP-01464,EU,EU_North,25-34,Full-time,66534,0.221,4.5,1,0.405,0,0,0.258,12800,Group_B,0.8789,1,0.4213,Declined
APP-01465,EU,EU_Central,25-34,Full-time,122923,0.292,6,2,0.257,0,0,0.335,27400,Group_A,0.9661,1,0.57,Manual Review
APP-01466,US,US_South,35-44,Full-time,38502,0.36,10.2,1,0.377,1,2.1,0.531,4800,Group_B,0.6735,1,0.4253,Declined
APP-01467,EU,EU_Central,45-54,Part-time,51839,0.413,15,3,0.226,0,0,0.452,3100,Group_A,0.6281,0,0.3932,Declined
APP-01468,US,US_South,45-54,Self-employed,133647,0.193,17.6,1,0.774,1,10.6,0.273,19200,Group_B,0.9831,1,0.5657,Manual Review
APP-01469,EU,EU_North,45-54,Self-employed,113640,0.559,11,3,0.626,1,10.6,0.666,17800,Group_B,0.9014,1,0.5003,Manual Review
APP-01470,EU,EU_North,25-34,Full-time,88042,0.396,9.3,2,0.541,0,0,0.314,19100,Group_A,0.9218,1,0.4949,Manual Review
APP-01471,EU,EU_North,35-44,Part-time,28698,0.406,9.3,0,0.474,1,6.9,0.626,7600,Group_A,0.9002,1,0.5008,Manual Review
APP-01472,EU,EU_South,25-34,Full-time,61103,0.215,0.3,1,0.812,1,1.7,0.469,3700,Group_B,0.7554,1,0.3402,Declined
APP-01473,EU,EU_Central,18-24,Student,14256,0.321,0.8,1,0.144,0,0,0.449,1700,Group_B,0.7036,1,0.3683,Declined
APP-01474,US,US_East,35-44,Full-time,87799,0.506,8.2,1,0.285,0,0,0.326,6900,Group_B,0.822,1,0.5365,Manual Review
APP-01475,US,US_South,18-24,Full-time,29705,0.166,0,0,0.579,0,0,0.434,3500,Group_B,0.7036,1,0.2401,Declined
APP-01476,EU,EU_Central,25-34,Full-time,39387,0.243,0.6,2,0.615,0,0,0.189,5300,Group_B,0.346,0,0.1548,Declined
APP-01477,EU,EU_Central,25-34,Self-employed,25091,0.622,5.5,3,0.496,1,3.7,0.805,500,Group_C,0.2364,0,0.0946,Declined
APP-01478,EU,EU_Central,35-44,Full-time,156415,0.184,13.1,0,0.715,0,0,0.424,28100,Group_A,0.99,1,0.5598,Manual Review
APP-01479,EU,EU_West,45-54,Student,34778,0.425,17.3,1,0.547,1,8,0.795,5100,Group_A,0.3708,0,0.1647,Declined
APP-01480,US,US_East,25-34,Full-time,80027,0.196,6.6,1,0.833,1,9.1,0.302,14300,Group_A,0.9541,1,0.4933,Manual Review
APP-01481,EU,EU_West,45-54,Full-time,95658,0.536,17.1,3,0.709,1,9,0.392,13800,Group_A,0.9216,1,0.4697,Declined
APP-01482,US,US_West,25-34,Full-time,38655,0.633,4.2,3,0.604,1,7.4,0.508,10500,Group_B,0.2125,0,0,Declined
APP-01483,US,US_Midwest,35-44,Full-time,51220,0.453,7.9,1,0.414,1,9.5,0.669,9300,Group_A,0.8081,1,0.4061,Declined
APP-01484,US,US_South,45-54,Full-time,56849,0.309,11.9,2,0.602,0,0,0.418,12400,Group_C,0.5501,1,0.3227,Declined
APP-01485,US,US_South,35-44,Full-time,54634,0.34,8.4,0,0.25,0,0,0.421,7700,Group_B,0.8231,1,0.5248,Manual Review
APP-01486,US,US_Midwest,55+,Self-employed,74374,0.504,18.4,2,0.375,0,0,0.418,7300,Group_B,0.9441,1,0.5905,Approved
APP-01487,US,US_East,25-34,Full-time,52121,0.403,8.4,2,0.424,0,0,0.423,7300,Group_A,0.4861,1,0.2828,Declined
APP-01488,EU,EU_West,35-44,Unemployed,77506,0.4,12.7,3,0.709,1,4.1,0.591,8400,Group_A,0.6073,0,0.3853,Declined
APP-01489,US,US_East,35-44,Self-employed,130836,0.46,12.3,0,0.578,1,8.5,0.668,13600,Group_A,0.9393,1,0.6384,Approved
APP-01490,US,US_West,55+,Part-time,74234,0.385,20.4,0,0.612,0,0,0.545,3700,Group_A,0.9442,1,0.5598,Manual Review
APP-01491,US,US_Midwest,25-34,Full-time,70654,0.055,3.5,1,0.498,0,0,0.397,8600,Group_A,0.9171,1,0.5697,Manual Review
APP-01492,US,US_East,45-54,Full-time,158633,0.225,14.7,0,0.634,1,9.5,0.504,28600,Group_B,0.99,1,0.6485,Approved
APP-01493,US,US_West,35-44,Full-time,76371,0.347,11.2,0,0.449,1,7.6,0.169,13200,Group_C,0.9706,1,0.5458,Manual Review
APP-01494,US,US_East,25-34,Full-time,68620,0.347,0.2,0,0.554,0,0,0.483,14000,Group_C,0.8954,0,0.4597,Declined
APP-01495,EU,EU_South,35-44,Student,35504,0.508,7,2,0.568,0,0,0.472,6500,Group_B,0.2498,1,0.1152,Declined
APP-01496,EU,EU_North,25-34,Full-time,102255,0.556,5,0,0.739,1,3.7,0.385,12600,Group_A,0.8026,0,0.4733,Declined
APP-01497,EU,EU_North,35-44,Full-time,112204,0.076,10.3,0,0.311,0,0,0.469,16900,Group_C,0.9796,1,0.6425,Approved
APP-01498,US,US_West,45-54,Student,31377,0.442,13.2,1,0.367,1,9.1,0.683,6400,Group_C,0.5061,1,0.2484,Declined
APP-01499,US,US_South,35-44,Full-time,71012,0.461,10.9,1,0.235,1,13.9,0.413,9100,Group_A,0.9301,1,0.5061,Manual Review
APP-01500,EU,EU_West,35-44,Self-employed,92117,0.437,8.3,0,0.423,0,0,0.532,13400,Group_B,0.8931,1,0.4318,Declined
APP-01501,US,US_Midwest,35-44,Full-time,124531,0.156,10.6,0,0.258,0,0,0.15,14700,Group_A,0.99,1,0.6453,Approved
APP-01502,US,US_South,18-24,Part-time,22427,0.262,0,1,0.43,1,0,0.355,3200,Group_B,0.2442,0,0.0935,Declined
APP-01503,US,US_Midwest,25-34,Full-time,34070,0.094,4.1,1,0.117,0,0,0.378,4400,Group_C,0.8227,1,0.4221,Declined
APP-01504,US,US_South,35-44,Full-time,82221,0.176,8.6,0,0.14,0,0,0.159,13400,Group_A,0.9867,1,0.6192,Approved
APP-01505,US,US_West,25-34,Full-time,92134,0.34,6.3,0,0.27,0,0,0.389,16100,Group_C,0.9592,1,0.5756,Manual Review
APP-01506,US,US_West,25-34,Unemployed,55102,0.46,5.6,1,0.84,0,0,0.64,2900,Group_B,0.1442,1,0,Declined
APP-01507,EU,EU_West,35-44,Full-time,49138,0.681,8.3,2,0.484,1,9.2,0.585,8900,Group_C,0.5338,1,0.2214,Declined
APP-01508,US,US_Midwest,25-34,Full-time,61540,0.064,9.8,0,0.349,1,7,0.196,7800,Group_A,0.9555,1,0.6238,Approved
APP-01509,EU,EU_West,25-34,Self-employed,47886,0.338,3.6,0,0.681,1,2.1,0.73,5900,Group_B,0.6825,0,0.3073,Declined
APP-01510,EU,EU_West,35-44,Student,72234,0.213,14.4,0,0.411,0,0,0.367,8300,Group_A,0.9283,1,0.5565,Manual Review
APP-01511,EU,EU_North,25-34,Part-time,45955,0.131,5.1,0,0.39,0,0,0.182,11400,Group_A,0.9469,1,0.5322,Manual Review
APP-01512,EU,EU_North,55+,Unemployed,21438,0.849,16.5,4,0.459,0,0,0.614,2000,Group_A,0.0931,0,0,Declined
APP-01513,EU,EU_West,45-54,Full-time,114917,0.494,15.9,0,0.801,1,6.8,0.658,10400,Group_C,0.9728,1,0.5832,Approved
APP-01514,US,US_Midwest,35-44,Full-time,63054,0.338,9.3,0,0.323,0,0,0.335,10600,Group_B,0.9075,1,0.5524,Manual Review
APP-01515,US,US_Midwest,18-24,Self-employed,25059,0.473,1.6,0,0.367,0,0,0.363,3400,Group_C,0.584,0,0.318,Declined
APP-01516,US,US_East,45-54,Part-time,37442,0.234,13.6,0,0.479,1,10.7,0.479,8200,Group_C,0.8884,1,0.4869,Manual Review
APP-01517,EU,EU_North,45-54,Full-time,208953,0.111,15.9,0,0.515,0,0,0.181,30000,Group_A,0.99,1,0.7123,Approved
APP-01518,EU,EU_South,45-54,Full-time,113828,0.02,14.9,2,0.275,0,0,0.488,20500,Group_A,0.9766,1,0.6616,Approved
APP-01519,US,US_Midwest,18-24,Part-time,33528,0.468,1.8,3,0.318,0,0,0.794,3100,Group_A,0.3553,0,0.1253,Declined
APP-01520,EU,EU_North,35-44,Full-time,80661,0.484,12.9,3,0.381,1,8.2,0.694,17800,Group_A,0.8534,1,0.4393,Declined
APP-01521,US,US_West,45-54,Full-time,109208,0.188,16.4,0,0.36,1,8,0.071,12800,Group_A,0.99,1,0.6345,Approved
APP-01522,EU,EU_South,35-44,Full-time,102392,0.049,12.3,0,0.416,1,6.1,0.029,9300,Group_A,0.99,0,0.5951,Approved
APP-01523,US,US_South,35-44,Full-time,102943,0.37,10.5,1,0.317,0,0,0.528,17900,Group_A,0.9554,1,0.5347,Manual Review
APP-01524,US,US_Midwest,35-44,Part-time,59508,0.41,10.2,0,0.99,0,0,0.55,11400,Group_A,0.7918,1,0.4003,Declined
APP-01525,US,US_East,35-44,Full-time,133441,0.351,8.5,1,0.797,1,7.7,0.653,10500,Group_A,0.9606,1,0.536,Manual Review
APP-01526,US,US_West,18-24,Self-employed,47067,0.192,1.7,0,0.363,1,0.2,0.182,12500,Group_A,0.8232,1,0.45,Declined
APP-01527,US,US_South,35-44,Self-employed,49534,0.278,2.7,1,0.245,0,0,0.297,5100,Group_C,0.7506,0,0.3394,Declined
APP-01528,US,US_East,18-24,Full-time,32458,0.542,0,1,0.317,0,0,0.435,4200,Group_B,0.3354,0,0.1129,Declined
APP-01529,EU,EU_Central,25-34,Self-employed,26079,0.173,5.3,1,0.72,1,9,0.3,3300,Group_C,0.8145,1,0.3114,Declined
APP-01530,US,US_South,25-34,Full-time,185622,0.387,7.7,0,0.595,1,6.6,0.473,16100,Group_A,0.99,1,0.5713,Manual Review
APP-01531,US,US_East,35-44,Full-time,133079,0.254,10.4,1,0.171,0,0,0.136,30000,Group_A,0.99,1,0.6222,Approved
APP-01532,EU,EU_Central,25-34,Full-time,43013,0.36,5.1,0,0.604,1,4.5,0.341,9200,Group_B,0.9079,1,0.5108,Manual Review
APP-01533,EU,EU_North,35-44,Full-time,79509,0.396,6.2,1,0.285,1,7.1,0.618,12500,Group_A,0.9436,1,0.5469,Manual Review
APP-01534,US,US_South,45-54,Full-time,71894,0.593,15.9,1,0.382,1,10.1,0.318,12200,Group_A,0.9054,1,0.5085,Manual Review
APP-01535,US,US_West,25-34,Part-time,93459,0.33,2.8,2,0.571,0,0,0.398,22700,Group_A,0.8111,1,0.4117,Declined
APP-01536,US,US_West,18-24,Self-employed,24588,0.106,0,0,0.3,1,0,0.481,5400,Group_A,0.5557,1,0.278,Declined
APP-01537,US,US_Midwest,25-34,Part-time,49151,0.082,6.1,1,0.653,0,0,0.44,1100,Group_A,0.771,0,0.4633,Declined
APP-01538,EU,EU_South,45-54,Full-time,91191,0.436,18.8,0,0.669,0,0,0.404,17500,Group_A,0.9145,1,0.4892,Manual Review
APP-01539,US,US_East,35-44,Full-time,109745,0.233,9.6,1,0.438,1,7.4,0.226,17900,Group_B,0.9743,1,0.5499,Manual Review
APP-01540,US,US_Midwest,35-44,Full-time,86133,0.252,11,1,0.171,0,0,0.227,21200,Group_A,0.8958,0,0.5863,Approved
APP-01541,EU,EU_West,18-24,Full-time,23126,0.024,2.5,0,0.277,1,0.3,0.044,5900,Group_A,0.9395,1,0.503,Manual Review
APP-01542,US,US_West,35-44,Full-time,67564,0.177,7.2,1,0.23,0,0,0.099,7000,Group_B,0.9048,1,0.6031,Approved
APP-01543,EU,EU_West,45-54,Self-employed,56449,0.236,14.8,1,0.334,0,0,0.314,6500,Group_A,0.9458,1,0.5798,Manual Review
APP-01544,US,US_West,45-54,Unemployed,38835,0.588,16.9,1,0.694,1,12.3,0.835,6300,Group_A,0.5659,0,0.3205,Declined
APP-01545,EU,EU_West,35-44,Full-time,160628,0.217,7,0,0.399,0,0,0.474,29200,Group_C,0.97,1,0.5501,Manual Review
APP-01546,US,US_East,18-24,Full-time,23322,0.541,3.8,4,0.415,0,0,0.203,5200,Group_A,0.1358,0,0.0289,Declined
APP-01547,EU,EU_West,18-24,Part-time,22282,0.185,1.6,0,0.289,0,0,0.165,4400,Group_A,0.6192,1,0.2859,Declined
APP-01548,EU,EU_West,18-24,Full-time,39783,0.055,4.3,0,0.159,1,3.1,0.131,9900,Group_A,0.9357,1,0.5673,Manual Review
APP-01549,US,US_West,25-34,Part-time,39317,0.321,8.6,1,0.3,1,5.4,0.364,5600,Group_A,0.9046,0,0.4761,Declined
APP-01550,EU,EU_Central,25-34,Self-employed,79607,0.331,0.6,1,0.48,0,0,0.401,14800,Group_B,0.8967,1,0.4803,Manual Review
APP-01551,EU,EU_West,25-34,Unemployed,22616,0.365,3,0,0.603,1,1.8,0.595,5300,Group_B,0.3855,0,0.109,Declined
APP-01552,EU,EU_Central,25-34,Full-time,89905,0.288,4.6,0,0.303,1,7.8,0.343,7200,Group_A,0.9112,1,0.4573,Declined
APP-01553,EU,EU_South,55+,Self-employed,47586,0.313,14.8,0,0.566,1,7.5,0.432,2800,Group_B,0.8658,1,0.4893,Manual Review
APP-01554,EU,EU_South,35-44,Full-time,100100,0.159,8.7,0,0.348,0,0,0.371,17100,Group_A,0.9806,1,0.583,Approved
APP-01555,US,US_Midwest,45-54,Self-employed,124068,0.485,21.4,0,0.743,1,5.2,0.53,29000,Group_A,0.9814,1,0.5553,Manual Review
APP-01556,US,US_South,45-54,Full-time,57722,0.465,15.1,1,0.574,1,8.8,0.47,14300,Group_B,0.7202,0,0.3206,Declined
APP-01557,EU,EU_West,18-24,Full-time,72513,0.351,6.7,1,0.469,0,0,0.164,8700,Group_A,0.8108,1,0.332,Declined
APP-01558,US,US_Midwest,45-54,Full-time,98038,0.619,17.8,3,0.62,1,8.9,0.437,7500,Group_A,0.9387,1,0.5321,Manual Review
APP-01559,EU,EU_South,25-34,Full-time,119355,0.159,4.9,0,0.522,0,0,0.129,21400,Group_A,0.9804,1,0.5708,Manual Review
APP-01560,EU,EU_South,35-44,Part-time,51614,0.449,10.2,0,0.41,1,6.5,0.717,3300,Group_A,0.8164,1,0.4179,Declined
APP-01561,US,US_South,25-34,Part-time,55420,0.576,7.8,2,0.899,1,9.7,0.377,9800,Group_A,0.4035,1,0.151,Declined
APP-01562,US,US_East,55+,Self-employed,61921,0.446,19.8,0,0.311,0,0,0.452,7700,Group_B,0.9141,1,0.5846,Approved
APP-01563,EU,EU_South,25-34,Full-time,71404,0.493,5.2,0,0.559,0,0,0.583,7600,Group_A,0.8345,0,0.443,Declined
APP-01564,US,US_Midwest,25-34,Part-time,52452,0.257,3.2,0,0.514,0,0,0.354,10800,Group_A,0.7713,0,0.387,Declined
APP-01565,EU,EU_North,55+,Full-time,104930,0.292,28.2,0,0.576,1,6.2,0.154,20200,Group_A,0.99,1,0.7238,Approved
APP-01566,US,US_West,18-24,Student,12000,0.476,0,1,0.28,0,0,0.268,3200,Group_B,0.362,0,0.1045,Declined
APP-01567,EU,EU_South,35-44,Student,62696,0.252,8.1,0,0.846,0,0,0.272,6200,Group_B,0.8115,1,0.3682,Declined
APP-01568,US,US_South,45-54,Full-time,34755,0.323,14,2,0.287,1,8.8,0.504,7800,Group_B,0.8579,1,0.4776,Declined
APP-01569,EU,EU_North,45-54,Part-time,36919,0.281,13.3,0,0.559,1,8.7,0.743,5700,Group_B,0.7874,0,0.4212,Declined
APP-01570,US,US_South,55+,Full-time,73723,0.455,20.3,0,0.543,1,6.1,0.271,16500,Group_C,0.9673,1,0.6016,Approved
APP-01571,EU,EU_North,55+,Full-time,99215,0.116,23.8,0,0.525,0,0,0.272,10300,Group_A,0.99,1,0.6201,Approved
APP-01572,US,US_East,18-24,Full-time,103693,0.556,2.2,1,0.487,0,0,0.637,5900,Group_A,0.7745,0,0.3966,Declined
APP-01573,EU,EU_West,45-54,Full-time,34776,0.541,11.2,0,0.294,1,9,0.349,5600,Group_B,0.8293,1,0.4063,Declined
APP-01574,EU,EU_West,35-44,Part-time,41971,0.149,9.6,1,0.553,0,0,0.703,5200,Group_C,0.7516,1,0.441,Declined
APP-01575,US,US_West,35-44,Full-time,32351,0.134,9,0,0.371,0,0,0.191,2600,Group_C,0.7959,1,0.4537,Declined
APP-01576,US,US_West,25-34,Full-time,75632,0.165,9.6,2,0.415,0,0,0.164,8700,Group_A,0.9154,1,0.513,Manual Review
APP-01577,US,US_South,35-44,Self-employed,93129,0.394,13.6,0,0.192,1,4,0.535,19200,Group_A,0.9893,1,0.5945,Approved
APP-01578,EU,EU_South,55+,Self-employed,153948,0.555,21.2,1,0.905,0,0,0.327,17600,Group_A,0.9609,1,0.5715,Manual Review
APP-01579,EU,EU_West,55+,Student,31705,0.456,16,2,0.295,0,0,0.396,3400,Group_B,0.6624,1,0.2994,Declined
APP-01580,US,US_East,25-34,Self-employed,108906,0.588,3.8,3,0.399,0,0,0.587,24300,Group_A,0.6089,0,0.3566,Declined
APP-01581,US,US_West,18-24,Self-employed,60577,0.245,2.5,2,0.441,0,0,0.542,12200,Group_A,0.6131,1,0.3571,Declined
APP-01582,US,US_Midwest,25-34,Full-time,51375,0.327,5,1,0.515,1,5.5,0.204,7600,Group_B,0.8025,1,0.4143,Declined
APP-01583,EU,EU_West,45-54,Full-time,50793,0.206,15.2,0,0.57,0,0,0.189,9700,Group_A,0.9597,1,0.5463,Manual Review
APP-01584,US,US_East,35-44,Full-time,95341,0.491,8.9,0,0.316,1,8.7,0.462,15100,Group_C,0.9114,1,0.4835,Manual Review
APP-01585,EU,EU_Central,35-44,Full-time,46120,0.205,9.7,0,0.827,0,0,0.216,4100,Group_A,0.9017,1,0.5436,Manual Review
APP-01586,US,US_South,18-24,Self-employed,83432,0.549,2.4,0,0.443,0,0,0.633,17400,Group_A,0.7518,1,0.4486,Declined
APP-01587,EU,EU_West,25-34,Full-time,69319,0.311,1.3,0,0.562,1,2.7,0.212,11300,Group_A,0.6818,1,0.3672,Declined
APP-01588,US,US_West,35-44,Part-time,81097,0.277,6.4,0,0.322,1,7.3,0.607,4400,Group_B,0.9416,1,0.5753,Manual Review
APP-01589,US,US_West,55+,Full-time,66396,0.31,19.6,2,0.727,0,0,0.335,13200,Group_A,0.8897,1,0.5476,Manual Review
APP-01590,EU,EU_South,35-44,Full-time,101869,0.201,13.7,0,0.28,0,0,0.51,16800,Group_A,0.9678,1,0.6484,Approved
APP-01591,EU,EU_North,25-34,Full-time,76467,0.404,3.7,0,0.402,0,0,0.652,15600,Group_C,0.8503,1,0.4265,Declined
APP-01592,EU,EU_West,35-44,Part-time,55377,0.539,11.4,3,0.704,0,0,0.749,10200,Group_A,0.1741,0,0.028,Declined
APP-01593,US,US_South,18-24,Part-time,22034,0.586,0.8,3,0.785,0,0,0.873,5000,Group_B,0.0373,0,0,Declined
APP-01594,US,US_West,55+,Student,35831,0.503,21.7,2,0.625,0,0,0.635,7400,Group_B,0.6079,0,0.3264,Declined
APP-01595,EU,EU_West,25-34,Full-time,49150,0.184,9.3,0,0.374,1,8.7,0.178,7000,Group_A,0.8584,1,0.5198,Manual Review
APP-01596,EU,EU_North,35-44,Unemployed,17177,0.489,8.7,0,0.493,1,7.1,0.358,2100,Group_B,0.3651,0,0.1799,Declined
APP-01597,US,US_West,25-34,Full-time,130441,0.093,5.5,0,0.557,0,0,0.305,7600,Group_A,0.9679,1,0.5975,Approved
APP-01598,US,US_West,35-44,Full-time,104931,0.658,7.3,0,0.816,1,9.4,0.508,9100,Group_B,0.8935,0,0.3539,Declined
APP-01599,US,US_East,35-44,Unemployed,36382,0.351,10.5,1,0.322,1,12.8,0.59,5600,Group_A,0.7771,1,0.4671,Declined
APP-01600,EU,EU_North,45-54,Full-time,169776,0.414,12.8,0,0.219,1,8.3,0.483,27300,Group_B,0.99,1,0.6806,Approved
APP-01601,US,US_East,25-34,Self-employed,60351,0.086,7.7,0,0.138,1,8.4,0.397,4700,Group_A,0.9303,1,0.643,Approved
APP-01602,US,US_South,25-34,Full-time,113323,0.349,5.2,2,0.663,1,3.6,0.373,10700,Group_B,0.903,1,0.4709,Declined
APP-01603,US,US_East,25-34,Self-employed,73676,0.085,7.8,0,0.346,1,6.8,0.417,11000,Group_A,0.9649,1,0.4985,Manual Review
APP-01604,US,US_East,35-44,Student,24746,0.662,13.8,2,0.458,1,7.7,0.48,3900,Group_A,0.3295,0,0.1206,Declined
APP-01605,US,US_Midwest,18-24,Full-time,117187,0.189,6.6,1,0.27,0,0,0.412,13100,Group_A,0.9897,1,0.6184,Approved
APP-01606,US,US_South,35-44,Self-employed,128708,0.396,11.3,2,0.802,1,9.6,0.383,28200,Group_A,0.9465,1,0.512,Manual Review
APP-01607,US,US_South,45-54,Full-time,75998,0.402,16.2,1,0.703,0,0,0.527,10500,Group_B,0.8725,1,0.539,Manual Review
APP-01608,EU,EU_North,55+,Self-employed,104374,0.118,20.2,0,0.395,1,5,0.167,11700,Group_A,0.99,1,0.6162,Approved
APP-01609,US,US_East,35-44,Full-time,70249,0.19,12.6,0,0.548,0,0,0.219,14700,Group_C,0.9749,1,0.5612,Manual Review
APP-01610,US,US_South,35-44,Full-time,122343,0.207,12.3,1,0.486,0,0,0.541,13800,Group_C,0.9815,1,0.5898,Approved
APP-01611,EU,EU_South,18-24,Full-time,14578,0.074,2.5,0,0.268,0,0,0.444,3500,Group_B,0.5139,1,0.3834,Declined
APP-01612,EU,EU_West,35-44,Full-time,57042,0.34,11.2,1,0.529,1,8.1,0.183,8300,Group_A,0.85,1,0.4253,Declined
APP-01613,US,US_South,45-54,Student,64686,0.13,14.5,0,0.337,1,0,0.388,11800,Group_A,0.9446,1,0.5974,Approved
APP-01614,US,US_East,25-34,Full-time,55850,0.446,1.2,0,0.743,0,0,0.51,8700,Group_B,0.615,0,0.2289,Declined
APP-01615,US,US_South,25-34,Full-time,81862,0.309,6.4,2,0.492,0,0,0.474,10400,Group_A,0.8581,1,0.479,Declined
APP-01616,EU,EU_Central,45-54,Full-time,52234,0.447,19.4,1,0.585,1,6.2,0.691,6600,Group_A,0.7884,1,0.3991,Declined
APP-01617,EU,EU_South,45-54,Full-time,184326,0.064,13.1,0,0.324,1,8.4,0.277,30000,Group_B,0.99,1,0.7287,Approved
APP-01618,EU,EU_Central,25-34,Part-time,66853,0.71,6,4,0.617,1,9.8,0.411,11600,Group_B,0.536,0,0.2476,Declined
APP-01619,EU,EU_South,35-44,Unemployed,27045,0.21,10.7,1,0.545,0,0,0.288,5400,Group_B,0.6274,1,0.3392,Declined
APP-01620,EU,EU_West,25-34,Full-time,62149,0.343,5.9,0,0.495,1,7.5,0.173,10100,Group_A,0.8651,1,0.4095,Declined
APP-01621,US,US_West,18-24,Student,29546,0.213,3.2,0,0.609,0,0,0.352,6800,Group_B,0.4108,0,0.1852,Declined
APP-01622,US,US_East,55+,Full-time,201108,0.203,14.6,0,0.536,0,0,0.137,30000,Group_A,0.99,1,0.6584,Approved
APP-01623,EU,EU_North,45-54,Full-time,147081,0.034,13.3,0,0.404,1,9.5,0.138,12100,Group_A,0.99,1,0.6894,Approved
APP-01624,EU,EU_South,45-54,Self-employed,216835,0.226,13,2,0.406,0,0,0.47,30000,Group_C,0.99,1,0.633,Approved
APP-01625,US,US_West,18-24,Full-time,33687,0.323,0.7,0,0.5,0,0,0.356,8000,Group_A,0.7248,1,0.3983,Declined
APP-01626,EU,EU_West,45-54,Self-employed,60467,0.345,16.7,0,0.569,1,4.9,0.286,12900,Group_A,0.943,1,0.5764,Manual Review
APP-01627,US,US_Midwest,25-34,Student,18986,0.287,7.1,0,0.266,1,5.7,0.257,5300,Group_A,0.7182,1,0.3275,Declined
APP-01628,US,US_South,25-34,Full-time,84898,0.48,6.4,3,0.422,1,7.9,0.412,12200,Group_C,0.49,0,0.2372,Declined
APP-01629,US,US_East,35-44,Student,35594,0.223,10.1,0,0.18,0,0,0.235,8300,Group_B,0.9165,1,0.5246,Manual Review
APP-01630,US,US_West,18-24,Part-time,25000,0.193,0,0,0.481,0,0,0.497,500,Group_B,0.5062,0,0.2782,Declined
APP-01631,EU,EU_West,45-54,Full-time,115507,0.107,11.1,1,0.289,0,0,0.508,23200,Group_B,0.9809,1,0.5887,Approved
APP-01632,US,US_Midwest,35-44,Self-employed,143492,0.256,11.9,1,0.273,0,0,0.491,16300,Group_A,0.9701,1,0.6271,Approved
APP-01633,EU,EU_West,25-34,Full-time,37528,0.02,5.1,0,0.303,0,0,0.706,1600,Group_A,0.8368,1,0.5214,Manual Review
APP-01634,EU,EU_South,25-34,Unemployed,22303,0.407,3,1,0.266,0,0,0.565,1300,Group_A,0.2514,1,0.1046,Declined
APP-01635,EU,EU_West,25-34,Self-employed,98469,0.263,8.6,0,0.214,1,6.8,0.717,16600,Group_A,0.9254,1,0.4889,Manual Review
APP-01636,US,US_East,18-24,Full-time,41334,0.159,5.6,1,0.275,1,2.7,0.258,1700,Group_A,0.7817,1,0.4126,Declined
APP-01637,US,US_South,35-44,Full-time,58822,0.061,13.4,0,0.219,0,0,0.598,5500,Group_C,0.9623,1,0.6285,Approved
APP-01638,US,US_East,45-54,Self-employed,138263,0.453,16.4,0,0.551,0,0,0.285,23900,Group_A,0.9863,1,0.6362,Approved
APP-01639,EU,EU_North,18-24,Full-time,28556,0.233,3.9,0,0.169,0,0,0.2,3500,Group_A,0.7481,1,0.3178,Declined
APP-01640,EU,EU_West,18-24,Full-time,44543,0.206,5.5,0,0.397,0,0,0.176,11100,Group_A,0.7525,1,0.4192,Declined
APP-01641,US,US_West,35-44,Full-time,104647,0.14,9.6,0,0.138,0,0,0.23,7900,Group_A,0.9817,1,0.6581,Approved
APP-01642,EU,EU_North,45-54,Full-time,69033,0.286,17.4,1,0.697,0,0,0.126,8500,Group_C,0.9567,1,0.5633,Manual Review
APP-01643,US,US_West,25-34,Full-time,106066,0.536,7.1,1,0.397,1,4.8,0.445,5800,Group_A,0.8541,1,0.5008,Manual Review
APP-01644,EU,EU_West,25-34,Full-time,57723,0.109,8.5,0,0.274,0,0,0.385,8400,Group_A,0.9402,1,0.6359,Approved
APP-01645,US,US_West,35-44,Full-time,142588,0.178,9.2,0,0.618,0,0,0.243,16300,Group_B,0.9822,1,0.6015,Approved
APP-01646,EU,EU_South,25-34,Self-employed,64334,0.114,9.4,2,0.146,0,0,0.239,9900,Group_A,0.9466,1,0.5715,Manual Review
APP-01647,US,US_South,18-24,Full-time,69008,0.263,3,0,0.514,0,0,0.274,9100,Group_A,0.8297,1,0.4094,Declined
APP-01648,EU,EU_North,45-54,Full-time,133955,0.366,12.7,3,0.768,0,0,0.648,26900,Group_A,0.9325,1,0.5032,Manual Review
APP-01649,EU,EU_South,35-44,Full-time,57036,0.146,12,0,0.346,1,4.3,0.297,4200,Group_B,0.9804,1,0.5643,Manual Review
APP-01650,EU,EU_West,35-44,Self-employed,30529,0.281,7.9,1,0.262,0,0,0.99,3800,Group_C,0.8116,1,0.472,Declined
APP-01651,US,US_West,45-54,Full-time,94397,0.258,16.6,1,0.225,0,0,0.458,7300,Group_B,0.9349,1,0.5553,Manual Review
APP-01652,US,US_East,35-44,Full-time,93245,0.29,10.8,0,0.508,0,0,0.171,9500,Group_A,0.9108,1,0.5823,Approved
APP-01653,US,US_East,25-34,Full-time,80250,0.377,6.9,2,0.419,1,6.1,0.151,8500,Group_B,0.9361,1,0.4641,Declined
APP-01654,US,US_East,25-34,Part-time,42159,0.251,9,0,0.125,1,6.9,0.67,7500,Group_A,0.9365,1,0.5656,Manual Review
APP-01655,US,US_Midwest,25-34,Part-time,38463,0.14,7.4,1,0.397,1,7.3,0.19,5800,Group_A,0.7856,0,0.4529,Declined
APP-01656,EU,EU_South,25-34,Part-time,115260,0.149,7.6,0,0.406,1,9.2,0.472,23500,Group_A,0.8574,1,0.5403,Manual Review
APP-01657,EU,EU_Central,35-44,Self-employed,42486,0.169,11.9,0,0.269,1,7.9,0.777,10700,Group_A,0.9249,1,0.5799,Manual Review
APP-01658,US,US_East,45-54,Self-employed,121644,0.328,11.6,1,0.6,0,0,0.462,18700,Group_A,0.8751,0,0.4873,Manual Review
APP-01659,US,US_Midwest,55+,Full-time,53332,0.149,19.1,0,0.074,0,0,0.501,4100,Group_B,0.9568,1,0.5892,Approved
APP-01660,US,US_South,35-44,Self-employed,66131,0.338,7.5,0,0.536,0,0,0.273,14800,Group_C,0.8739,1,0.4369,Declined
APP-01661,EU,EU_South,25-34,Full-time,64648,0.259,6.9,3,0.594,0,0,0.337,11900,Group_A,0.7063,1,0.3613,Declined
APP-01662,US,US_West,18-24,Self-employed,32448,0.691,0,1,0.806,0,0,0.568,7100,Group_A,0.3498,0,0.069,Declined
APP-01663,EU,EU_West,45-54,Part-time,77523,0.577,13.4,1,0.637,1,6.5,0.375,4200,Group_A,0.793,1,0.4539,Declined
APP-01664,US,US_East,35-44,Full-time,168762,0.752,14.5,1,0.524,0,0,0.745,29600,Group_A,0.9353,1,0.5718,Manual Review
APP-01665,EU,EU_West,35-44,Full-time,93465,0.375,11.2,0,0.466,1,9.6,0.392,16400,Group_B,0.9822,1,0.5961,Approved
APP-01666,EU,EU_South,45-54,Full-time,100315,0.299,16,0,0.264,1,8.9,0.189,16800,Group_A,0.99,1,0.6099,Approved
APP-01667,US,US_East,35-44,Self-employed,44310,0.204,9.2,1,0.288,1,9.5,0.451,3800,Group_B,0.852,1,0.4961,Manual Review
APP-01668,EU,EU_West,45-54,Self-employed,110321,0.544,15.5,2,0.429,0,0,0.536,23000,Group_A,0.8945,1,0.5903,Approved
APP-01669,US,US_South,18-24,Student,58534,0.241,3.8,1,0.48,1,2,0.335,10500,Group_A,0.7194,1,0.3254,Declined
APP-01670,EU,EU_South,45-54,Full-time,80679,0.1,14.5,1,0.089,1,10,0.142,14800,Group_A,0.99,1,0.5519,Manual Review
APP-01671,US,US_West,45-54,Part-time,50619,0.599,18.2,1,0.559,1,7.4,0.385,12700,Group_A,0.9238,1,0.5189,Manual Review
APP-01672,EU,EU_South,25-34,Full-time,57925,0.384,5.9,1,0.375,1,7.8,0.488,16000,Group_A,0.7481,1,0.3619,Declined
APP-01673,EU,EU_North,35-44,Student,26389,0.261,7.9,1,0.698,1,7.6,0.46,6000,Group_B,0.6868,0,0.2784,Declined
APP-01674,EU,EU_West,25-34,Full-time,21677,0.107,6.5,1,0.442,0,0,0.075,4700,Group_A,0.5639,0,0.3152,Declined
APP-01675,EU,EU_North,55+,Full-time,82878,0.199,17.5,1,0.156,0,0,0.445,5800,Group_B,0.9474,1,0.5584,Manual Review
APP-01676,US,US_Midwest,18-24,Full-time,34871,0.223,3.2,1,0.465,0,0,0.367,5100,Group_A,0.7484,1,0.4413,Declined
APP-01677,US,US_South,35-44,Part-time,27380,0.436,9.8,2,0.648,1,4.7,0.377,4700,Group_A,0.4562,0,0.1993,Declined
APP-01678,US,US_East,25-34,Unemployed,40948,0.566,7.5,3,0.556,0,0,0.396,5100,Group_A,0.1077,0,0,Declined
APP-01679,US,US_Midwest,45-54,Full-time,49316,0.307,16.5,0,0.357,0,0,0.34,8000,Group_B,0.9347,1,0.5127,Manual Review
APP-01680,EU,EU_West,25-34,Full-time,64023,0.181,4.9,1,0.457,1,5.6,0.53,10500,Group_A,0.9273,1,0.5176,Manual Review
APP-01681,US,US_Midwest,25-34,Student,52563,0.524,4,0,0.651,0,0,0.483,5900,Group_B,0.3155,0,0.0555,Declined
APP-01682,EU,EU_West,35-44,Full-time,47873,0.224,12,0,0.883,1,8.7,0.388,10300,Group_A,0.9667,1,0.4142,Declined
APP-01683,EU,EU_West,55+,Self-employed,31641,0.224,17.8,1,0.663,1,5.2,0.273,7200,Group_B,0.9102,1,0.4384,Declined
APP-01684,EU,EU_Central,25-34,Full-time,84170,0.499,7.5,3,0.621,0,0,0.233,9100,Group_A,0.7306,1,0.4092,Declined
APP-01685,US,US_Midwest,25-34,Full-time,104825,0.268,5.5,1,0.431,0,0,0.489,20500,Group_B,0.9246,1,0.4942,Manual Review
APP-01686,EU,EU_North,45-54,Part-time,24741,0.271,16.2,0,0.203,1,9.2,0.562,5000,Group_B,0.9674,1,0.504,Manual Review
APP-01687,EU,EU_West,35-44,Part-time,63364,0.269,8.7,3,0.479,1,8.2,0.474,9900,Group_C,0.8223,1,0.4347,Declined
APP-01688,US,US_West,55+,Full-time,107038,0.364,18.9,0,0.37,1,6.8,0.256,11100,Group_A,0.9875,1,0.705,Approved
APP-01689,EU,EU_North,25-34,Full-time,29519,0.086,5.8,0,0.572,0,0,0.158,11300,Group_A,0.8971,1,0.523,Manual Review
APP-01690,EU,EU_Central,35-44,Part-time,80944,0.582,8.9,0,0.379,0,0,0.393,9900,Group_A,0.7553,1,0.3814,Declined
APP-01691,US,US_South,25-34,Full-time,92712,0.38,5.5,2,0.51,0,0,0.654,12600,Group_B,0.7412,1,0.3642,Declined
APP-01692,US,US_West,25-34,Student,28175,0.484,3.9,3,0.776,1,2.3,0.614,8300,Group_A,0.3272,0,0.048,Declined
APP-01693,US,US_West,35-44,Full-time,132905,0.389,13.9,0,0.504,0,0,0.299,26400,Group_B,0.9878,1,0.5673,Manual Review
APP-01694,US,US_South,35-44,Self-employed,137433,0.135,13.9,1,0.562,0,0,0.318,20700,Group_A,0.99,1,0.6431,Approved
APP-01695,US,US_West,45-54,Student,43610,0.448,16,5,0.625,1,7.2,0.43,8600,Group_A,0.5559,0,0.2451,Declined
APP-01696,US,US_Midwest,25-34,Self-employed,55563,0.106,8.4,0,0.798,0,0,0.543,10800,Group_A,0.8909,1,0.4383,Declined
APP-01697,US,US_East,35-44,Full-time,54377,0.325,6.4,0,0.393,0,0,0.352,4400,Group_C,0.7764,1,0.3692,Declined
APP-01698,US,US_South,25-34,Self-employed,56101,0.293,9.9,0,0.208,1,8.5,0.551,3900,Group_B,0.974,1,0.6546,Approved
APP-01699,EU,EU_North,55+,Full-time,99398,0.197,18.7,0,0.188,1,13.3,0.271,8200,Group_C,0.99,1,0.6722,Approved
APP-01700,US,US_South,25-34,Full-time,64442,0.092,6.2,0,0.129,0,0,0.524,3700,Group_A,0.961,1,0.5407,Manual Review
APP-01701,EU,EU_South,25-34,Unemployed,12000,0.417,0.2,0,0.382,1,0,0.584,2000,Group_B,0.3278,0,0.1655,Declined
APP-01702,US,US_East,25-34,Part-time,69247,0.462,5.4,4,0.552,0,0,0.567,9000,Group_B,0.476,0,0.1618,Declined
APP-01703,US,US_South,35-44,Self-employed,89777,0.106,8.6,0,0.416,1,7.9,0.652,18900,Group_A,0.99,1,0.5868,Approved
APP-01704,US,US_South,25-34,Full-time,52678,0.196,4.5,0,0.434,1,1.8,0.332,11300,Group_B,0.868,1,0.4651,Declined
APP-01705,US,US_West,55+,Full-time,113121,0.272,18.8,1,0.391,1,5.2,0.173,15600,Group_C,0.99,1,0.6286,Approved
APP-01706,US,US_East,25-34,Full-time,138205,0.02,3.1,0,0.791,1,4,0.455,19100,Group_C,0.985,1,0.5451,Manual Review
APP-01707,EU,EU_West,55+,Full-time,19575,0.086,17,0,0.4,1,9.4,0.46,3600,Group_B,0.8314,1,0.4936,Manual Review
APP-01708,US,US_West,18-24,Part-time,38835,0.185,3,2,0.565,0,0,0.496,6300,Group_A,0.2648,0,0.0342,Declined
APP-01709,EU,EU_North,35-44,Full-time,47499,0.255,8.2,0,0.348,0,0,0.335,5800,Group_A,0.9084,1,0.4922,Manual Review
APP-01710,EU,EU_South,55+,Part-time,60284,0.397,18.4,1,0.543,0,0,0.395,7500,Group_C,0.9206,1,0.5739,Manual Review
APP-01711,US,US_East,25-34,Full-time,78981,0.323,8,2,0.315,1,10.4,0.393,9400,Group_A,0.9313,1,0.5628,Manual Review
APP-01712,US,US_South,55+,Full-time,91944,0.352,24.5,0,0.191,0,0,0.406,14700,Group_B,0.99,1,0.6138,Approved
APP-01713,EU,EU_West,35-44,Full-time,60426,0.377,9.9,1,0.427,0,0,0.578,11600,Group_B,0.9578,1,0.4622,Declined
APP-01714,US,US_East,55+,Full-time,29730,0.193,16.8,2,0.295,1,11.3,0.508,7000,Group_B,0.9192,1,0.4385,Declined
APP-01715,US,US_West,35-44,Full-time,68789,0.263,9.2,0,0.373,0,0,0.237,15700,Group_C,0.9234,1,0.5556,Manual Review
APP-01716,EU,EU_North,25-34,Unemployed,35039,0.442,6.6,3,0.409,1,11.4,0.465,6900,Group_A,0.3311,1,0.1407,Declined
APP-01717,US,US_East,25-34,Full-time,117751,0.341,5.7,0,0.254,0,0,0.34,15600,Group_A,0.9889,1,0.606,Approved
APP-01718,EU,EU_West,25-34,Student,19133,0.114,8.5,1,0.207,0,0,0.403,2700,Group_A,0.5399,1,0.3715,Declined
APP-01719,EU,EU_West,18-24,Full-time,80991,0.204,3,0,0.216,0,0,0.384,10500,Group_A,0.9693,0,0.5679,Manual Review
APP-01720,US,US_South,25-34,Unemployed,21798,0.487,8.5,0,0.439,0,0,0.364,4300,Group_A,0.4889,0,0.2384,Declined
APP-01721,US,US_South,18-24,Full-time,60055,0.104,1.8,0,0.049,0,0,0.373,13500,Group_A,0.8758,1,0.4592,Declined
APP-01722,US,US_West,25-34,Student,21599,0.323,7.2,1,0.312,0,0,0.319,4000,Group_B,0.3452,1,0.2297,Declined
APP-01723,US,US_South,45-54,Full-time,97006,0.099,14.6,1,0.416,0,0,0.214,7800,Group_C,0.99,1,0.6045,Approved
APP-01724,US,US_South,25-34,Part-time,69737,0.601,4.4,2,0.644,1,3.9,0.496,8600,Group_A,0.3389,0,0.0905,Declined
APP-01725,EU,EU_West,25-34,Student,18664,0.214,11.3,0,0.334,0,0,0.337,2800,Group_A,0.7929,1,0.448,Declined
APP-01726,US,US_South,35-44,Full-time,62038,0.164,6,0,0.355,1,4.9,0.195,10300,Group_C,0.9037,1,0.5958,Approved
APP-01727,US,US_South,25-34,Full-time,81035,0.167,4.9,0,0.454,1,5.4,0.438,14800,Group_A,0.9857,1,0.6474,Approved
APP-01728,EU,EU_West,18-24,Full-time,150335,0.073,1.1,1,0.542,0,0,0.157,17600,Group_A,0.9812,1,0.5505,Manual Review
APP-01729,EU,EU_West,25-34,Student,21984,0.385,12,0,0.202,0,0,0.576,2400,Group_A,0.5226,1,0.3361,Declined
APP-01730,EU,EU_West,55+,Full-time,172978,0.274,22.8,0,0.327,0,0,0.253,27400,Group_B,0.99,1,0.7023,Approved
APP-01731,US,US_East,45-54,Full-time,235988,0.594,19.3,2,0.575,1,9.4,0.211,16700,Group_A,0.99,1,0.6932,Approved
APP-01732,EU,EU_South,25-34,Full-time,66611,0.15,4.8,0,0.316,1,4.3,0.324,12400,Group_C,0.9015,1,0.5292,Manual Review
APP-01733,US,US_West,35-44,Full-time,78928,0.032,16.3,0,0.139,0,0,0.151,14200,Group_A,0.9865,1,0.6634,Approved
APP-01734,US,US_South,35-44,Part-time,41389,0.582,11.8,1,0.495,1,8.2,0.576,8500,Group_A,0.7969,1,0.455,Declined
APP-01735,US,US_South,35-44,Full-time,87533,0.198,13.1,0,0.514,1,5.6,0.196,16100,Group_A,0.9838,1,0.5157,Manual Review
APP-01736,EU,EU_South,35-44,Self-employed,43759,0.223,11.4,0,0.878,1,11.6,0.511,7700,Group_A,0.7477,1,0.4025,Declined
APP-01737,US,US_Midwest,35-44,Student,31781,0.419,8.7,2,0.691,0,0,0.419,5700,Group_B,0.4008,1,0.1133,Declined
APP-01738,US,US_East,25-34,Full-time,122562,0.454,3.7,0,0.538,0,0,0.555,22400,Group_B,0.9213,1,0.4973,Manual Review
APP-01739,US,US_West,18-24,Self-employed,29653,0.675,0,1,0.545,0,0,0.703,5100,Group_B,0.1934,0,0.0083,Declined
APP-01740,US,US_Midwest,35-44,Full-time,67881,0.112,10.1,2,0.57,1,6.6,0.141,12000,Group_B,0.9559,1,0.4953,Manual Review
APP-01741,EU,EU_West,55+,Self-employed,32663,0.678,20.8,2,0.554,1,5.7,0.396,4700,Group_C,0.6843,0,0.3199,Declined
APP-01742,EU,EU_West,35-44,Full-time,89515,0.12,8.7,0,0.497,1,7.7,0.063,12200,Group_B,0.9796,1,0.5228,Manual Review
APP-01743,EU,EU_Central,45-54,Part-time,56595,0.634,17.1,1,0.398,0,0,0.702,12100,Group_B,0.6891,0,0.3503,Declined
APP-01744,US,US_Midwest,55+,Full-time,84808,0.073,14.5,0,0.18,1,9.1,0.165,10400,Group_A,0.99,1,0.6517,Approved
APP-01745,US,US_West,25-34,Full-time,67632,0.256,7.6,0,0.386,1,4.6,0.16,11300,Group_A,0.9184,1,0.5561,Manual Review
APP-01746,US,US_Midwest,35-44,Self-employed,72240,0.168,12.6,1,0.154,0,0,0.516,9400,Group_A,0.7868,1,0.4586,Declined
APP-01747,US,US_South,35-44,Full-time,94815,0.272,11.3,2,0.32,0,0,0.348,14900,Group_B,0.9177,1,0.5944,Approved
APP-01748,US,US_West,55+,Part-time,50932,0.478,20.9,2,0.51,1,5.6,0.288,6700,Group_A,0.8641,1,0.5017,Manual Review
APP-01749,EU,EU_West,55+,Full-time,94961,0.381,21.5,0,0.481,0,0,0.235,11600,Group_A,0.976,1,0.657,Approved
APP-01750,US,US_South,35-44,Self-employed,84731,0.381,12.2,0,0.446,0,0,0.958,8000,Group_C,0.8632,1,0.4306,Declined
APP-01751,US,US_West,25-34,Full-time,115376,0.121,8.8,0,0.069,0,0,0.615,17700,Group_C,0.9823,1,0.6451,Approved
APP-01752,US,US_East,45-54,Self-employed,110661,0.376,14.3,3,0.425,1,7.4,0.717,22400,Group_C,0.9086,1,0.5557,Manual Review
APP-01753,US,US_West,18-24,Full-time,55642,0.127,3.1,0,0.702,1,3.2,0.312,10300,Group_A,0.76,1,0.3295,Declined
APP-01754,US,US_South,45-54,Full-time,158929,0.316,17.5,0,0.545,0,0,0.427,27400,Group_B,0.99,1,0.7359,Approved
APP-01755,EU,EU_West,55+,Full-time,99569,0.331,16.3,1,0.226,1,11.1,0.431,11300,Group_A,0.9064,1,0.5392,Manual Review
APP-01756,EU,EU_West,25-34,Part-time,83983,0.169,5,0,0.793,1,5.3,0.52,14300,Group_A,0.9284,1,0.5273,Manual Review
APP-01757,EU,EU_West,35-44,Full-time,118608,0.103,14.2,1,0.289,0,0,0.217,12800,Group_A,0.99,1,0.6714,Approved
APP-01758,US,US_South,25-34,Student,14152,0.201,8.9,1,0.512,1,5.1,0.589,4000,Group_A,0.6968,1,0.359,Declined
APP-01759,US,US_East,25-34,Student,58318,0.327,7.6,1,0.44,1,7.8,0.488,9800,Group_A,0.5363,1,0.3414,Declined
APP-01760,US,US_Midwest,25-34,Full-time,66410,0.373,3.3,1,0.434,1,7.4,0.144,12000,Group_B,0.8737,1,0.5381,Manual Review
APP-01761,US,US_South,45-54,Self-employed,85408,0.217,14.1,0,0.211,0,0,0.483,6900,Group_A,0.9569,1,0.5508,Manual Review
APP-01762,EU,EU_West,55+,Full-time,78391,0.603,17.5,0,0.324,0,0,0.64,5600,Group_B,0.9715,1,0.567,Manual Review
APP-01763,US,US_South,55+,Full-time,70562,0.06,24.4,1,0.186,0,0,0.257,4700,Group_A,0.99,1,0.6853,Approved
APP-01764,US,US_South,25-34,Self-employed,75402,0.333,5.1,0,0.288,0,0,0.298,14200,Group_A,0.7959,1,0.3858,Declined
APP-01765,US,US_South,45-54,Self-employed,66985,0.583,16.2,1,0.44,1,7.3,0.292,17200,Group_A,0.7174,1,0.4381,Declined
APP-01766,US,US_East,45-54,Self-employed,155127,0.051,14.3,0,0.286,1,8.3,0.712,15900,Group_A,0.99,1,0.7412,Approved
APP-01767,EU,EU_South,25-34,Full-time,59377,0.143,6.2,0,0.647,1,6.5,0.232,10500,Group_B,0.956,1,0.5735,Manual Review
APP-01768,US,US_South,18-24,Full-time,42948,0.046,1.3,1,0.622,0,0,0.291,1000,Group_A,0.8642,0,0.4652,Declined
APP-01769,US,US_South,25-34,Full-time,49177,0.162,6.3,0,0.429,0,0,0.629,4100,Group_A,0.8744,1,0.5476,Manual Review
APP-01770,US,US_East,55+,Self-employed,84920,0.102,17.3,0,0.696,1,9,0.494,12000,Group_A,0.9815,1,0.6063,Approved
APP-01771,US,US_South,35-44,Full-time,98190,0.088,7.5,1,0.698,0,0,0.253,17000,Group_A,0.9339,1,0.4824,Manual Review
APP-01772,EU,EU_West,45-54,Self-employed,97185,0.548,15,3,0.433,0,0,0.764,7600,Group_C,0.749,1,0.3978,Declined
APP-01773,EU,EU_West,25-34,Full-time,46964,0.314,3.6,2,0.271,1,1.8,0.204,12100,Group_A,0.854,1,0.4363,Declined
APP-01774,EU,EU_North,45-54,Full-time,39042,0.45,18.4,1,0.605,1,8.5,0.292,2800,Group_B,0.8458,1,0.4518,Declined
APP-01775,EU,EU_South,18-24,Full-time,56659,0.218,0,1,0.323,0,0,0.154,9800,Group_B,0.8523,1,0.4491,Declined
APP-01776,US,US_West,25-34,Full-time,135740,0.417,3.7,1,0.704,0,0,0.341,20400,Group_C,0.8963,1,0.4806,Manual Review
APP-01777,EU,EU_North,35-44,Full-time,47666,0.138,8.8,0,0.397,0,0,0.157,5800,Group_B,0.9579,1,0.5532,Manual Review
APP-01778,US,US_South,25-34,Part-time,79998,0.342,3.5,0,0.552,1,4.8,0.904,14900,Group_B,0.8666,1,0.5258,Manual Review
APP-01779,US,US_West,45-54,Student,39647,0.314,11.4,0,0.711,1,7.3,0.229,4600,Group_B,0.9042,1,0.4841,Manual Review
APP-01780,EU,EU_South,25-34,Full-time,69371,0.435,3.4,2,0.491,1,2,0.216,8400,Group_C,0.8955,1,0.4796,Declined
APP-01781,US,US_West,35-44,Full-time,75475,0.228,8.8,1,0.298,0,0,0.196,6200,Group_A,0.7069,0,0.3293,Declined
APP-01782,EU,EU_North,25-34,Full-time,39989,0.187,5.9,0,0.424,1,6.5,0.673,5600,Group_A,0.9127,1,0.5023,Manual Review
APP-01783,US,US_Midwest,35-44,Student,61208,0.281,15.3,0,0.221,0,0,0.241,5100,Group_A,0.9551,1,0.6178,Approved
APP-01784,EU,EU_Central,18-24,Full-time,30160,0.452,0.5,0,0.51,0,0,0.351,4800,Group_B,0.6093,1,0.3216,Declined
APP-01785,EU,EU_North,18-24,Unemployed,12000,0.422,2.9,2,0.548,0,0,0.359,1500,Group_B,0.1826,0,0.0634,Declined
APP-01786,EU,EU_South,55+,Full-time,128779,0.04,22.1,0,0.26,1,7.4,0.139,9800,Group_A,0.99,1,0.6968,Approved
APP-01787,EU,EU_West,25-34,Full-time,26781,0.649,6.8,0,0.665,0,0,0.59,4800,Group_B,0.4893,1,0.2094,Declined
APP-01788,EU,EU_West,45-54,Student,20974,0.381,9.8,0,0.349,0,0,0.384,5100,Group_A,0.7875,1,0.3883,Declined
APP-01789,US,US_Midwest,55+,Full-time,81742,0.02,20.3,0,0.501,1,5.3,0.612,7600,Group_A,0.99,1,0.6624,Approved
APP-01790,US,US_East,25-34,Self-employed,72505,0.297,8.4,1,0.634,0,0,0.342,14300,Group_C,0.8225,1,0.4168,Declined
APP-01791,US,US_West,25-34,Full-time,92738,0.02,5.2,0,0.709,0,0,0.594,16300,Group_A,0.9407,1,0.5679,Manual Review
APP-01792,EU,EU_North,35-44,Full-time,78798,0.123,14.9,0,0.375,1,8.3,0.12,7300,Group_A,0.9873,1,0.608,Approved
APP-01793,US,US_East,55+,Full-time,215675,0.528,22.1,1,0.449,1,5.7,0.304,26900,Group_B,0.99,1,0.674,Approved
APP-01794,EU,EU_West,55+,Self-employed,56916,0.44,17.8,2,0.824,0,0,0.351,10600,Group_B,0.8901,1,0.5051,Manual Review
APP-01795,US,US_Midwest,35-44,Part-time,50937,0.219,9.9,1,0.397,1,8.7,0.398,12600,Group_A,0.7471,0,0.4414,Declined
APP-01796,US,US_Midwest,45-54,Full-time,56066,0.652,11.6,3,0.528,0,0,0.341,7800,Group_B,0.5947,0,0.287,Declined
APP-01797,EU,EU_Central,25-34,Student,34278,0.149,5.1,0,0.274,1,4.6,0.508,8200,Group_A,0.8885,0,0.4732,Declined
APP-01798,US,US_Midwest,55+,Full-time,108686,0.169,18.3,0,0.753,1,10.2,0.498,19000,Group_A,0.9858,1,0.6671,Approved
APP-01799,US,US_West,55+,Full-time,141647,0.269,21.9,0,0.602,0,0,0.462,19500,Group_A,0.99,1,0.6559,Approved
APP-01800,US,US_South,25-34,Full-time,31971,0.498,1.1,1,0.695,1,3.9,0.262,4400,Group_B,0.6595,1,0.3056,Declined
APP-01801,EU,EU_South,25-34,Full-time,66750,0.261,7.8,0,0.845,0,0,0.324,11800,Group_A,0.8382,1,0.4435,Declined
APP-01802,EU,EU_West,18-24,Full-time,58217,0.184,2.9,1,0.375,0,0,0.373,4000,Group_C,0.9123,1,0.4684,Declined
APP-01803,US,US_East,25-34,Unemployed,31847,0.265,0.6,0,0.76,1,2.8,0.501,6300,Group_B,0.6474,0,0.3071,Declined
APP-01804,US,US_Midwest,45-54,Full-time,89635,0.316,18.4,2,0.688,0,0,0.177,17200,Group_C,0.8979,1,0.4935,Manual Review
APP-01805,US,US_Midwest,25-34,Full-time,95177,0.15,7.6,0,0.332,0,0,0.086,7000,Group_A,0.9491,1,0.5899,Approved
APP-01806,EU,EU_South,18-24,Full-time,33087,0.562,3.1,2,0.6,0,0,0.352,5400,Group_C,0.3235,1,0,Declined
APP-01807,EU,EU_South,25-34,Self-employed,137240,0.212,4.8,0,0.795,0,0,0.201,29400,Group_A,0.9327,1,0.5236,Manual Review
APP-01808,US,US_Midwest,55+,Student,56008,0.115,22.4,4,0.271,1,6.2,0.626,12400,Group_A,0.5147,1,0.3349,Declined
APP-01809,US,US_South,35-44,Full-time,49278,0.122,13.5,2,0.569,1,8.9,0.275,9700,Group_A,0.873,0,0.4497,Declined
APP-01810,US,US_Midwest,25-34,Full-time,45964,0.085,6.3,0,0.164,0,0,0.406,4300,Group_A,0.9791,1,0.5849,Approved
APP-01811,EU,EU_West,25-34,Full-time,39014,0.249,8.7,1,0.779,0,0,0.367,6400,Group_B,0.6423,0,0.2985,Declined
APP-01812,EU,EU_Central,55+,Full-time,111812,0.143,21.1,0,0.293,1,6.4,0.209,8700,Group_A,0.99,1,0.6563,Approved
APP-01813,US,US_West,45-54,Full-time,53713,0.216,18.5,0,0.369,0,0,0.124,8900,Group_A,0.978,1,0.5653,Manual Review
APP-01814,US,US_South,25-34,Full-time,53842,0.176,4.9,0,0.354,0,0,0.262,11300,Group_B,0.8922,1,0.5377,Manual Review
APP-01815,US,US_South,18-24,Full-time,62601,0.14,3.8,0,0.21,0,0,0.298,11900,Group_A,0.9078,0,0.5467,Manual Review
APP-01816,EU,EU_South,18-24,Full-time,41503,0.525,0,4,0.579,0,0,0.368,9300,Group_B,0.2886,0,0.0706,Declined
APP-01817,US,US_Midwest,25-34,Full-time,83776,0.413,7.3,0,0.544,1,6.2,0.61,5800,Group_A,0.9159,1,0.5044,Manual Review
APP-01818,EU,EU_North,35-44,Unemployed,18324,0.559,7.2,1,0.301,1,10.3,0.716,3100,Group_B,0.3654,0,0.2521,Declined
APP-01819,EU,EU_North,55+,Student,39247,0.372,16.9,1,0.481,1,10.3,0.569,11100,Group_B,0.8929,1,0.4867,Manual Review
APP-01820,US,US_West,35-44,Full-time,68495,0.249,14.8,0,0.343,1,5,0.414,13400,Group_A,0.9416,0,0.5358,Manual Review
APP-01821,US,US_Midwest,45-54,Full-time,82741,0.081,15.5,0,0.394,0,0,0.211,12700,Group_A,0.9624,1,0.5532,Manual Review
APP-01822,US,US_South,35-44,Full-time,100452,0.095,8.8,0,0.703,1,10.9,0.405,13700,Group_A,0.9438,1,0.5893,Approved
APP-01823,EU,EU_South,35-44,Full-time,79239,0.212,8,0,0.509,1,7.6,0.647,11800,Group_B,0.9637,1,0.6157,Approved
APP-01824,EU,EU_West,45-54,Part-time,60601,0.615,13.1,1,0.404,1,7.5,0.475,10200,Group_A,0.7615,1,0.3705,Declined
APP-01825,EU,EU_North,25-34,Full-time,53190,0.08,9.7,0,0.25,0,0,0.426,7900,Group_A,0.9662,1,0.5621,Manual Review
APP-01826,US,US_South,25-34,Student,28331,0.4,5,0,0.751,1,7,0.552,4100,Group_A,0.5637,1,0.2323,Declined
APP-01827,US,US_West,35-44,Unemployed,35354,0.56,12.2,2,0.5,1,9.9,0.561,8500,Group_A,0.2507,0,0.0882,Declined
APP-01828,EU,EU_North,18-24,Full-time,27478,0.617,5.5,3,0.331,0,0,0.386,3200,Group_A,0.2139,1,0,Declined
APP-01829,EU,EU_South,25-34,Full-time,50749,0.637,3.2,1,0.302,1,4.5,0.589,10000,Group_B,0.7212,1,0.3797,Declined
APP-01830,US,US_Midwest,35-44,Full-time,107464,0.413,12.2,0,0.609,0,0,0.298,11300,Group_A,0.9523,1,0.5976,Approved
APP-01831,EU,EU_North,55+,Full-time,46381,0.205,18.7,0,0.663,0,0,0.25,5400,Group_A,0.9715,1,0.4808,Manual Review
APP-01832,EU,EU_Central,35-44,Full-time,127299,0.298,14.2,0,0.193,0,0,0.241,18900,Group_B,0.9879,1,0.7052,Approved
APP-01833,EU,EU_West,45-54,Full-time,142095,0.124,15.9,2,0.47,0,0,0.47,18500,Group_B,0.99,1,0.6971,Approved
APP-01834,EU,EU_Central,25-34,Student,18512,0.157,6.1,0,0.432,1,10.2,0.332,5400,Group_A,0.5542,0,0.1655,Declined
APP-01835,EU,EU_West,45-54,Full-time,176394,0.188,14.3,0,0.415,0,0,0.494,29200,Group_A,0.99,1,0.5767,Manual Review
APP-01836,EU,EU_West,35-44,Full-time,84613,0.376,10.7,3,0.68,0,0,0.24,6700,Group_A,0.7141,1,0.3682,Declined
APP-01837,US,US_South,45-54,Self-employed,98510,0.45,14.3,0,0.235,1,7.5,0.566,14200,Group_C,0.9305,1,0.6178,Approved
APP-01838,US,US_East,25-34,Self-employed,54444,0.468,10.8,1,0.368,0,0,0.661,5200,Group_A,0.8396,1,0.4644,Declined
APP-01839,EU,EU_South,35-44,Full-time,127623,0.371,7.3,1,0.254,1,7.5,0.5,7900,Group_C,0.9599,1,0.5773,Manual Review
APP-01840,US,US_South,35-44,Student,39485,0.361,9.1,1,0.522,1,5.9,0.356,10000,Group_B,0.6063,1,0.3296,Declined
APP-01841,US,US_South,25-34,Full-time,51691,0.214,6.5,0,0.337,0,0,0.557,10300,Group_A,0.9412,1,0.495,Manual Review
APP-01842,US,US_South,25-34,Full-time,44137,0.246,6.2,1,0.525,1,7.6,0.293,3100,Group_A,0.843,0,0.4925,Manual Review
APP-01843,US,US_West,18-24,Full-time,26444,0.057,2.3,1,0.024,0,0,0.217,5300,Group_A,0.8839,1,0.4931,Manual Review
APP-01844,EU,EU_South,18-24,Full-time,55519,0.062,2.2,0,0.145,0,0,0.605,7200,Group_A,0.7566,0,0.379,Declined
APP-01845,EU,EU_West,45-54,Part-time,77567,0.47,17.9,2,0.761,1,11.1,0.508,5500,Group_A,0.7687,1,0.3832,Declined
APP-01846,US,US_West,25-34,Self-employed,76477,0.226,5.6,3,0.446,1,3.4,0.317,7400,Group_B,0.9303,1,0.5178,Manual Review
APP-01847,US,US_South,25-34,Part-time,41318,0.216,6.4,1,0.253,0,0,0.241,7700,Group_C,0.8515,1,0.4579,Declined
APP-01848,US,US_West,45-54,Full-time,47680,0.39,7.1,1,0.348,0,0,0.372,8900,Group_B,0.5948,0,0.2944,Declined
APP-01849,EU,EU_South,25-34,Full-time,45975,0.121,5,1,0.741,1,3.7,0.131,5200,Group_B,0.851,1,0.4463,Declined
APP-01850,EU,EU_North,35-44,Full-time,151602,0.167,7.4,0,0.373,1,5.6,0.486,7900,Group_A,0.9874,1,0.6412,Approved
APP-01851,US,US_Midwest,25-34,Full-time,59953,0.408,7.9,1,0.417,0,0,0.419,7700,Group_A,0.9002,1,0.4328,Declined
APP-01852,EU,EU_Central,55+,Self-employed,80262,0.348,24.2,0,0.696,0,0,0.401,16100,Group_A,0.868,1,0.5744,Manual Review
APP-01853,EU,EU_West,45-54,Part-time,30965,0.19,11.8,0,0.228,0,0,0.252,6800,Group_B,0.8947,0,0.5115,Manual Review
APP-01854,EU,EU_South,45-54,Full-time,103986,0.235,14.4,0,0.397,1,8.5,0.164,15100,Group_C,0.99,1,0.6274,Approved
APP-01855,EU,EU_Central,25-34,Full-time,50859,0.082,3,1,0.339,0,0,0.369,10800,Group_B,0.7137,1,0.3991,Declined
APP-01856,US,US_West,45-54,Full-time,153364,0.033,18.7,1,0.412,1,9,0.099,26400,Group_A,0.99,1,0.6546,Approved
APP-01857,EU,EU_West,25-34,Full-time,105609,0.02,6.7,0,0.733,1,5.7,0.308,18600,Group_A,0.9844,1,0.6133,Approved
APP-01858,US,US_Midwest,18-24,Full-time,34208,0.379,4.1,1,0.185,0,0,0.358,5700,Group_B,0.3905,0,0.1956,Declined
APP-01859,EU,EU_West,18-24,Full-time,48190,0.11,3.4,1,0.398,0,0,0.134,6700,Group_A,0.6908,1,0.3776,Declined
APP-01860,EU,EU_West,35-44,Full-time,59032,0.187,9.3,1,0.259,1,8.9,0.792,12600,Group_B,0.9063,0,0.4248,Declined
APP-01861,EU,EU_Central,35-44,Full-time,39938,0.196,9,0,0.393,0,0,0.221,8300,Group_B,0.825,0,0.494,Manual Review
APP-01862,EU,EU_North,35-44,Full-time,51430,0.15,10.6,2,0.625,0,0,0.195,6400,Group_B,0.7663,1,0.4066,Declined
APP-01863,US,US_South,18-24,Full-time,55777,0.146,0,1,0.473,0,0,0.514,8500,Group_A,0.7377,1,0.4146,Declined
APP-01864,US,US_South,25-34,Self-employed,78810,0.213,6.7,1,0.231,1,5.9,0.415,10500,Group_A,0.8803,1,0.5802,Approved
APP-01865,EU,EU_South,45-54,Full-time,102374,0.62,15.8,1,0.528,0,0,0.347,8000,Group_A,0.9165,1,0.5503,Manual Review
APP-01866,EU,EU_West,35-44,Unemployed,30835,0.673,12.6,2,0.338,1,9.7,0.681,3500,Group_A,0.4271,0,0.1923,Declined
APP-01867,US,US_West,45-54,Full-time,145718,0.385,15.6,0,0.215,1,8.6,0.486,11500,Group_A,0.99,1,0.6317,Approved
APP-01868,US,US_East,25-34,Full-time,64304,0.327,2,0,0.215,1,0,0.57,8600,Group_B,0.7426,1,0.5109,Manual Review
APP-01869,US,US_South,45-54,Full-time,110127,0.238,13.8,0,0.585,0,0,0.129,15800,Group_B,0.9733,1,0.6076,Approved
APP-01870,EU,EU_West,35-44,Full-time,40630,0.53,8.6,1,0.489,0,0,0.39,8000,Group_A,0.7031,1,0.3531,Declined
APP-01871,EU,EU_West,25-34,Part-time,12000,0.37,2.3,2,0.69,0,0,0.303,2000,Group_A,0.0902,0,0,Declined
APP-01872,US,US_Midwest,25-34,Full-time,84720,0.253,8.1,2,0.358,0,0,0.347,13300,Group_A,0.8902,1,0.4712,Declined
APP-01873,US,US_West,35-44,Unemployed,18602,0.465,12.3,0,0.751,0,0,0.31,1200,Group_A,0.4878,0,0.1387,Declined
APP-01874,EU,EU_West,45-54,Student,31711,0.656,14.8,2,0.369,1,10.2,0.55,2600,Group_B,0.1784,0,0.1215,Declined
APP-01875,EU,EU_South,25-34,Full-time,65086,0.241,9.4,0,0.571,1,5.5,0.414,11000,Group_A,0.9106,1,0.4772,Declined
APP-01876,US,US_East,25-34,Full-time,152319,0.056,5,1,0.557,0,0,0.226,24100,Group_A,0.9888,1,0.6012,Approved
APP-01877,EU,EU_West,45-54,Self-employed,104670,0.042,12.9,0,0.348,0,0,0.349,17600,Group_A,0.9837,1,0.6214,Approved
APP-01878,US,US_West,35-44,Full-time,90771,0.104,9.8,0,0.147,1,8.6,0.292,7400,Group_C,0.9833,1,0.6724,Approved
APP-01879,US,US_South,35-44,Self-employed,100660,0.408,8,3,0.3,0,0,0.324,15500,Group_B,0.8225,1,0.4315,Declined
APP-01880,EU,EU_South,35-44,Full-time,106541,0.123,9.1,0,0.247,1,10.3,0.187,12800,Group_A,0.99,1,0.6277,Approved
APP-01881,EU,EU_North,25-34,Full-time,60685,0.34,6.3,1,0.569,0,0,0.154,11500,Group_A,0.8478,1,0.4634,Declined
APP-01882,EU,EU_South,35-44,Full-time,122516,0.467,7.5,0,0.899,0,0,0.426,16100,Group_B,0.8847,1,0.4231,Declined
APP-01883,EU,EU_North,25-34,Full-time,42236,0.327,1.5,2,0.187,0,0,0.463,8500,Group_C,0.3403,1,0.0997,Declined
APP-01884,EU,EU_Central,55+,Student,41441,0.181,20,3,0.404,0,0,0.258,7800,Group_A,0.8464,1,0.4613,Declined
APP-01885,US,US_East,35-44,Full-time,41985,0.129,7.5,0,0.207,1,10.5,0.312,11800,Group_C,0.8903,1,0.5247,Manual Review
APP-01886,US,US_Midwest,35-44,Part-time,57813,0.679,10.5,3,0.614,0,0,0.439,13500,Group_C,0.2493,1,0.0783,Declined
APP-01887,US,US_South,35-44,Full-time,91886,0.573,8.6,2,0.499,1,5.4,0.205,22400,Group_C,0.8599,1,0.4491,Declined
APP-01888,US,US_South,55+,Full-time,146865,0.635,21.2,2,0.67,0,0,0.635,20000,Group_B,0.9798,1,0.6072,Approved
APP-01889,EU,EU_West,45-54,Full-time,39683,0.49,17.3,1,0.561,1,7.5,0.332,7300,Group_B,0.9286,1,0.4619,Declined
APP-01890,EU,EU_West,35-44,Full-time,68876,0.546,12.5,1,0.573,1,10.8,0.401,5200,Group_A,0.8752,1,0.4571,Declined
APP-01891,US,US_South,45-54,Full-time,116207,0.122,10.4,0,0.553,1,5.2,0.3,8500,Group_B,0.9837,1,0.5962,Approved
APP-01892,US,US_East,35-44,Full-time,104962,0.126,14.3,0,0.43,0,0,0.087,18400,Group_A,0.9749,1,0.5777,Manual Review
APP-01893,EU,EU_Central,35-44,Part-time,51365,0.502,12.3,0,0.493,1,7.7,0.679,11200,Group_B,0.9393,1,0.5968,Approved
APP-01894,US,US_South,25-34,Full-time,48491,0.08,6.5,0,0.579,0,0,0.415,10700,Group_A,0.8626,1,0.3895,Declined
APP-01895,EU,EU_South,35-44,Full-time,57986,0.309,11.7,0,0.587,0,0,0.25,10300,Group_B,0.9351,1,0.5663,Manual Review
APP-01896,EU,EU_West,25-34,Part-time,68513,0.286,3.1,1,0.431,1,2.7,0.43,14600,Group_B,0.8083,1,0.464,Declined
APP-01897,EU,EU_South,55+,Self-employed,73522,0.572,16.9,0,0.612,1,7.8,0.529,4600,Group_A,0.8855,1,0.522,Manual Review
APP-01898,US,US_Midwest,25-34,Full-time,73990,0.303,2.6,0,0.346,0,0,0.146,11900,Group_B,0.8631,1,0.4807,Manual Review
APP-01899,US,US_South,55+,Full-time,78249,0.142,24.8,1,0.69,1,6.2,0.245,8600,Group_A,0.9637,1,0.6457,Approved
APP-01900,EU,EU_West,35-44,Student,19313,0.738,5.5,1,0.508,0,0,0.337,1100,Group_B,0.3664,0,0.0939,Declined
APP-01901,EU,EU_West,35-44,Full-time,137403,0.108,11,1,0.23,0,0,0.271,14300,Group_A,0.9898,1,0.6562,Approved
APP-01902,US,US_West,35-44,Full-time,113200,0.252,11.1,1,0.296,1,7,0.132,19900,Group_A,0.99,1,0.6075,Approved
APP-01903,EU,EU_West,25-34,Full-time,196407,0.467,4.4,1,0.692,1,3.5,0.543,29400,Group_C,0.9786,1,0.5704,Manual Review
APP-01904,US,US_Midwest,25-34,Part-time,29558,0.167,5.5,0,0.499,0,0,0.537,500,Group_A,0.6655,1,0.3536,Declined
APP-01905,EU,EU_Central,18-24,Full-time,61911,0.281,0.5,0,0.211,0,0,0.3,5800,Group_B,0.7445,1,0.3711,Declined
APP-01906,US,US_West,35-44,Unemployed,19575,0.224,9.8,1,0.489,1,7.5,0.431,4100,Group_A,0.5937,1,0.2781,Declined
APP-01907,EU,EU_Central,35-44,Full-time,96883,0.316,7.9,2,0.34,1,9.7,0.499,22000,Group_A,0.8497,0,0.5509,Manual Review
APP-01908,US,US_East,45-54,Part-time,93033,0.52,16.5,3,0.91,0,0,0.496,17800,Group_A,0.722,1,0.486,Manual Review
APP-01909,US,US_East,25-34,Full-time,24595,0.243,6.7,1,0.16,0,0,0.137,3000,Group_B,0.792,0,0.4518,Declined
APP-01910,US,US_East,25-34,Full-time,67994,0.239,8.4,0,0.262,1,8,0.392,7000,Group_A,0.9829,1,0.605,Approved
APP-01911,US,US_West,25-34,Student,25161,0.526,4.7,1,0.807,1,5.6,0.504,4100,Group_A,0.1552,0,0.0043,Declined
APP-01912,EU,EU_Central,55+,Full-time,60090,0.142,18.2,1,0.504,1,10,0.114,9600,Group_A,0.9873,1,0.6032,Approved
APP-01913,EU,EU_West,45-54,Full-time,113879,0.108,15.4,0,0.401,1,6.5,0.434,21200,Group_A,0.9872,1,0.6535,Approved
APP-01914,US,US_Midwest,25-34,Full-time,115234,0.315,8.9,1,0.404,0,0,0.307,10700,Group_C,0.9658,1,0.6116,Approved
APP-01915,US,US_West,35-44,Full-time,79339,0.284,11.4,0,0.475,1,6.6,0.226,16900,Group_C,0.9313,1,0.6013,Approved
APP-01916,EU,EU_Central,18-24,Full-time,55959,0.154,4,1,0.159,0,0,0.101,11500,Group_A,0.901,1,0.477,Declined
APP-01917,EU,EU_West,55+,Self-employed,66392,0.53,20.8,2,0.804,0,0,0.656,12500,Group_B,0.3457,1,0.2882,Declined
APP-01918,EU,EU_West,35-44,Full-time,90334,0.264,11.9,5,0.368,0,0,0.547,16000,Group_A,0.6292,1,0.3616,Declined
APP-01919,US,US_East,25-34,Full-time,38276,0.424,4.6,0,0.163,1,6.7,0.458,6500,Group_B,0.833,1,0.4505,Declined
APP-01920,US,US_West,35-44,Full-time,124571,0.467,10.3,0,0.517,0,0,0.459,19300,Group_B,0.988,1,0.5604,Manual Review
APP-01921,EU,EU_West,18-24,Self-employed,49652,0.25,0.3,0,0.265,0,0,0.446,9800,Group_C,0.452,0,0.2214,Declined
APP-01922,US,US_South,55+,Self-employed,89878,0.296,17.9,1,0.558,0,0,0.581,6800,Group_A,0.94,1,0.5835,Approved
APP-01923,EU,EU_South,25-34,Full-time,43471,0.308,5.9,0,0.603,0,0,0.648,10800,Group_B,0.6658,1,0.363,Declined
APP-01924,US,US_Midwest,35-44,Full-time,73409,0.171,13.7,2,0.463,0,0,0.101,6700,Group_A,0.7824,1,0.4816,Manual Review
APP-01925,EU,EU_North,25-34,Unemployed,25157,0.377,3,3,0.438,1,0.4,0.371,2300,Group_C,0.1149,0,0,Declined
APP-01926,US,US_East,45-54,Full-time,48011,0.419,17.8,1,0.464,0,0,0.279,8400,Group_A,0.8318,1,0.3572,Declined
APP-01927,EU,EU_North,45-54,Student,16324,0.421,17.5,3,0.821,0,0,0.313,3800,Group_B,0.4086,0,0.0939,Declined
APP-01928,US,US_South,35-44,Student,25099,0.299,8.8,2,0.444,1,9,0.331,2000,Group_B,0.6244,1,0.3111,Declined
APP-01929,EU,EU_Central,35-44,Part-time,59916,0.211,7,0,0.355,1,6.1,0.281,3700,Group_B,0.8251,1,0.4832,Manual Review
APP-01930,US,US_South,55+,Full-time,61425,0.066,21.3,0,0.137,1,7,0.554,8500,Group_A,0.9665,1,0.6128,Approved
APP-01931,EU,EU_Central,18-24,Part-time,18849,0.167,0.3,0,0.281,0,0,0.392,4900,Group_C,0.6873,1,0.3252,Declined
APP-01932,EU,EU_West,25-34,Part-time,32355,0.633,5.1,1,0.591,1,7.2,0.392,7400,Group_A,0.3763,0,0.1406,Declined
APP-01933,EU,EU_West,25-34,Self-employed,46486,0.482,5.3,2,0.635,0,0,0.356,4400,Group_B,0.6696,0,0.3003,Declined
APP-01934,EU,EU_West,55+,Full-time,70280,0.239,17.5,1,0.299,1,8.2,0.24,6800,Group_A,0.9666,1,0.5659,Manual Review
APP-01935,EU,EU_West,25-34,Full-time,197577,0.527,3.3,2,0.836,0,0,0.454,23100,Group_A,0.9773,1,0.4864,Manual Review
APP-01936,EU,EU_West,45-54,Full-time,153910,0.317,16,0,0.827,0,0,0.318,11700,Group_A,0.99,1,0.5743,Manual Review
APP-01937,US,US_West,35-44,Full-time,143144,0.044,11,0,0.128,1,6.9,0.293,8600,Group_A,0.99,1,0.704,Approved
APP-01938,EU,EU_South,25-34,Self-employed,115185,0.123,7.3,2,0.401,0,0,0.166,18900,Group_A,0.9619,1,0.5359,Manual Review
APP-01939,US,US_South,25-34,Full-time,47569,0.198,10.6,0,0.359,0,0,0.427,9800,Group_A,0.931,1,0.5594,Manual Review
APP-01940,US,US_South,25-34,Full-time,43016,0.176,6.7,0,0.281,1,6,0.469,10300,Group_A,0.7015,1,0.454,Declined
APP-01941,US,US_South,25-34,Full-time,37975,0.341,5.6,0,0.581,1,4.2,0.602,5300,Group_B,0.7322,0,0.336,Declined
APP-01942,US,US_East,25-34,Self-employed,115840,0.464,3.4,0,0.687,1,0.4,0.725,8900,Group_C,0.8336,0,0.4312,Declined
APP-01943,EU,EU_West,18-24,Student,17340,0.27,4.2,0,0.342,0,0,0.452,8100,Group_A,0.7701,1,0.4351,Declined
APP-01944,EU,EU_South,45-54,Full-time,54526,0.688,14.8,0,0.405,0,0,0.718,9300,Group_A,0.6484,1,0.3932,Declined
APP-01945,EU,EU_West,55+,Full-time,67883,0.318,21.2,1,0.388,0,0,0.12,12900,Group_A,0.953,1,0.5477,Manual Review
APP-01946,US,US_West,25-34,Full-time,66972,0.327,6.3,1,0.465,1,6.6,0.219,9700,Group_A,0.9279,1,0.4361,Declined
APP-01947,US,US_West,25-34,Self-employed,64382,0.348,6.6,2,0.553,1,7.7,0.665,3600,Group_B,0.7462,1,0.4338,Declined
APP-01948,US,US_West,18-24,Part-time,29970,0.574,0,3,0.59,0,0,0.51,6400,Group_B,0.1159,1,0,Declined
APP-01949,US,US_Midwest,35-44,Student,27034,0.357,6,2,0.57,0,0,0.684,6800,Group_A,0.4815,1,0.2238,Declined
APP-01950,US,US_West,45-54,Full-time,130365,0.128,15.5,0,0.49,1,6.2,0.228,16700,Group_A,0.99,1,0.6725,Approved
APP-01951,US,US_Midwest,25-34,Unemployed,21884,0.442,7.5,3,0.412,0,0,0.68,2500,Group_A,0.1268,0,0,Declined
APP-01952,US,US_Midwest,25-34,Full-time,58247,0.388,4.6,1,0.624,1,4.6,0.488,8100,Group_B,0.5506,1,0.2784,Declined
APP-01953,EU,EU_North,45-54,Self-employed,111149,0.248,17.7,0,0.664,0,0,0.385,19600,Group_C,0.985,1,0.5901,Approved
APP-01954,EU,EU_West,35-44,Full-time,67619,0.135,12,1,0.185,1,4.1,0.081,4900,Group_A,0.9501,1,0.5988,Approved
APP-01955,EU,EU_West,18-24,Student,17168,0.332,1.3,0,0.581,0,0,0.318,1700,Group_A,0.4031,1,0.1903,Declined
APP-01956,EU,EU_West,35-44,Full-time,109943,0.284,4.9,1,0.302,1,8.6,0.286,18300,Group_C,0.9821,1,0.6121,Approved
APP-01957,EU,EU_South,25-34,Self-employed,43194,0.39,5,0,0.31,0,0,0.691,2700,Group_C,0.6666,1,0.3738,Declined
APP-01958,US,US_South,25-34,Part-time,39261,0.46,8.8,1,0.604,0,0,0.458,3600,Group_A,0.4562,0,0.2165,Declined
APP-01959,EU,EU_South,45-54,Full-time,122962,0.271,15.1,2,0.227,1,6.7,0.347,17900,Group_A,0.9809,1,0.6275,Approved
APP-01960,EU,EU_West,45-54,Full-time,241322,0.173,16.1,0,0.691,0,0,0.377,30000,Group_A,0.99,1,0.7089,Approved
APP-01961,US,US_Midwest,25-34,Student,35678,0.489,5.2,2,0.5,0,0,0.293,8200,Group_B,0.2185,0,0.0338,Declined
APP-01962,US,US_Midwest,55+,Full-time,101943,0.161,18.8,2,0.588,0,0,0.459,18600,Group_A,0.9878,1,0.5854,Approved
APP-01963,EU,EU_North,25-34,Full-time,94680,0.073,7.9,0,0.534,1,7.7,0.435,18000,Group_A,0.9689,1,0.5916,Approved
APP-01964,US,US_Midwest,45-54,Full-time,49513,0.219,17.4,1,0.304,0,0,0.705,9200,Group_B,0.9442,1,0.5855,Approved
APP-01965,EU,EU_North,35-44,Self-employed,86812,0.257,10.6,0,0.404,0,0,0.634,11700,Group_A,0.8868,1,0.5001,Manual Review
APP-01966,EU,EU_South,55+,Full-time,68150,0.335,16.3,2,0.467,1,13,0.537,3700,Group_B,0.9427,1,0.4926,Manual Review
APP-01967,US,US_South,55+,Full-time,95244,0.191,20.9,1,0.205,0,0,0.487,12100,Group_A,0.9859,1,0.5698,Manual Review
APP-01968,US,US_East,18-24,Full-time,53763,0.287,0,0,0.388,0,0,0.365,5400,Group_A,0.7852,1,0.3589,Declined
APP-01969,US,US_South,55+,Full-time,81939,0.31,19.5,1,0.341,1,7.1,0.238,15000,Group_B,0.9803,1,0.5754,Manual Review
APP-01970,US,US_East,45-54,Student,36188,0.311,17,3,0.565,0,0,0.322,8500,Group_A,0.6561,1,0.3275,Declined
APP-01971,US,US_East,45-54,Unemployed,35906,0.233,18.7,3,0.319,1,8.5,0.411,4400,Group_C,0.7247,1,0.4049,Declined
APP-01972,EU,EU_Central,25-34,Self-employed,39179,0.077,6.1,0,0.346,0,0,0.426,5100,Group_A,0.8482,1,0.431,Declined
APP-01973,US,US_South,45-54,Full-time,82916,0.068,16.9,1,0.264,1,7.9,0.13,12100,Group_A,0.99,1,0.5519,Manual Review
APP-01974,US,US_East,45-54,Student,65244,0.347,11.9,1,0.457,1,4.8,0.398,9500,Group_B,0.754,1,0.427,Declined
APP-01975,US,US_West,25-34,Full-time,86066,0.11,5.7,1,0.407,0,0,0.321,4600,Group_A,0.8576,1,0.5048,Manual Review
APP-01976,EU,EU_West,55+,Full-time,76197,0.236,16.6,0,0.519,1,12.5,0.421,12900,Group_C,0.9814,1,0.6092,Approved
APP-01977,US,US_West,18-24,Student,52066,0.192,2.1,0,0.522,0,0,0.394,3400,Group_A,0.4487,0,0.2617,Declined
APP-01978,US,US_South,25-34,Part-time,25305,0.263,5.8,0,0.69,0,0,0.482,5500,Group_A,0.3233,0,0.1494,Declined
APP-01979,EU,EU_Central,35-44,Part-time,34301,0.14,11.7,0,0.602,0,0,0.257,4900,Group_A,0.9474,1,0.5274,Manual Review
APP-01980,EU,EU_South,35-44,Self-employed,178119,0.143,9.6,1,0.836,1,10,0.589,9500,Group_A,0.99,1,0.6471,Approved
APP-01981,US,US_West,35-44,Full-time,77228,0.401,9,0,0.352,0,0,0.184,10200,Group_B,0.8981,1,0.567,Manual Review
APP-01982,EU,EU_South,18-24,Full-time,38335,0.436,0,2,0.574,0,0,0.254,6600,Group_B,0.5253,1,0.1839,Declined
APP-01983,US,US_West,55+,Self-employed,43865,0.171,20.3,1,0.413,1,7,0.509,8800,Group_A,0.9697,1,0.6065,Approved
APP-01984,US,US_South,18-24,Full-time,62403,0.145,2.7,0,0.445,0,0,0.344,6600,Group_A,0.915,1,0.4806,Manual Review
APP-01985,US,US_South,25-34,Full-time,79840,0.273,4.4,1,0.546,0,0,0.176,3500,Group_B,0.8601,1,0.4737,Declined
APP-01986,US,US_Midwest,18-24,Part-time,18217,0.617,3.2,2,0.412,0,0,0.617,5000,Group_C,0.2188,0,0.077,Declined
APP-01987,EU,EU_West,35-44,Part-time,53054,0.31,10.7,3,0.387,0,0,0.335,6400,Group_A,0.7321,1,0.3807,Declined
APP-01988,US,US_West,55+,Full-time,70863,0.096,20.2,0,0.103,1,7.3,0.1,12400,Group_A,0.99,1,0.6069,Approved
APP-01989,US,US_East,35-44,Part-time,63410,0.544,10.6,2,0.652,1,9.5,0.377,5100,Group_A,0.4215,1,0.1721,Declined
APP-01990,EU,EU_Central,45-54,Part-time,33814,0.156,13.4,0,0.204,0,0,0.218,4900,Group_C,0.9745,1,0.5353,Manual Review
APP-01991,EU,EU_North,18-24,Self-employed,81823,0.258,1.7,0,0.306,1,3.9,0.214,9100,Group_A,0.9838,1,0.5103,Manual Review
APP-01992,US,US_West,35-44,Full-time,136295,0.485,15.5,1,0.332,0,0,0.552,18000,Group_A,0.9198,1,0.6191,Approved
APP-01993,EU,EU_North,35-44,Full-time,64241,0.145,6.8,0,0.496,1,9.7,0.159,14100,Group_B,0.9672,0,0.5669,Manual Review
APP-01994,US,US_South,35-44,Full-time,81885,0.215,10.4,1,0.56,0,0,0.413,7100,Group_A,0.977,1,0.5271,Manual Review
APP-01995,EU,EU_West,18-24,Full-time,47979,0.206,1.6,0,0.209,0,0,0.64,6200,Group_A,0.8964,1,0.455,Declined
APP-01996,EU,EU_Central,35-44,Full-time,63590,0.647,10.5,1,0.241,0,0,0.238,7700,Group_A,0.8785,0,0.4351,Declined
APP-01997,EU,EU_Central,35-44,Full-time,73933,0.352,10.3,0,0.6,0,0,0.445,17500,Group_A,0.7835,1,0.4054,Declined
APP-01998,US,US_South,45-54,Full-time,84789,0.414,16.6,0,0.786,0,0,0.372,13100,Group_A,0.9622,1,0.5867,Approved
APP-01999,US,US_West,35-44,Student,81092,0.404,7.2,1,0.647,0,0,0.349,6600,Group_A,0.7861,1,0.4091,Declined
APP-02000,US,US_East,25-34,Full-time,114163,0.368,8.8,1,0.692,1,4.8,0.704,6900,Group_A,0.9587,1,0.6221,Approved
